kind,group,title,kicker,description,completeUrl,type,summary,url,linkLabel,sourcePage,sourceSection,sourceOrder,sourceKind
metadata,,Research,Publications and Grants,"Publications and grants preserved from the original research page, with the original source categories retained in each row.",complete.html#research,,,,,Research,Grants,9,heading
group,Publications,,,,,,"Authored Books, Selected Edited Books, Journals, Conferences, Book Chapters, Editorship, and Invited Talks.",,,Research,Authored Books,29,heading
group,Grants,,,,,,Research grants preserved from the original Grants category.,,,Research,Grants,9,heading
item,Grants,"ARC Discovery (2020-2024), Machine education for trusted multi-skilled evolutionary learners, H.A. Abbass, S. Elsawah, E. Petraki, $580K. [Project Web Site]",,,,Grants,,http://www.husseinabbass.net/DP200101211.html,Project Web Site,Research,Grants,10,list
item,Grants,"ARC Discovery (2016-2020), User-task co-adaptation for effective interactive simulation environments, H.A. Abbass, K. Merrick; KC Tan (PI); A. Bezerianos (PI), $560K. [Project Web Site]",,,,Grants,,http://www.husseinabbass.net/DP160102037.html,Project Web Site,Research,Grants,12,list
item,Grants,"ARC Discovery (2014-2016), Challenging systems to discover vulnerabilities using computational red teaming, H.A. Abbass, $399K. [Project Web Site]",,,,Grants,,http://www.husseinabbass.net/DP140102590.html,Project Web Site,Research,Grants,14,list
item,Grants,"Group of Eight Australia - Germany Joint Research Co-operation Scheme (2013-2014), Maximum entropy analysis of flow, transport, chemical reaction & human networks, (UNSW Australia team) Niven, R., Abbass, H. and Shafi, K., (Potsdam University Germany Team) Abel, M., Michael, S. and Kolski, P., $20K.",,,,Grants,,,,Research,Grants,16,list
item,Grants,"ARC LIEF (2011), Flexible architecture high-performance computing facility for the intersect consortium of New South Wales, one of 29 CIs, $500K.",,,,Grants,,,,Research,Grants,17,list
item,Grants,"ARC Linkage (2011-2013), New real-time risk indicators to improve the efficiency, environmental impact and safety of air traffic management, H.A. Abbass, C.J Lokan, G.K Aldis (PI), G.P Dunstone (PI), and R.C Butcher (PI), $315K.",,,,Grants,,,,Research,Grants,18,list
item,Grants,"ARC Discovery (2009-2011), Dual Phase Evolution in Networks, D. Green and H.A. Abbass, $360K.",,,,Grants,,,,Research,Grants,19,list
item,Grants,"ARC LIEF (2009), A high performance computing cluster and storage for the INTERSECT Consortium of NSW, one of 24 CIs, $500K.",,,,Grants,,,,Research,Grants,20,list
item,Grants,"Eurocontrol Experimental Centre (2008-2013), Using military scenarios to assess risk in civil Air Traffic Management scenarios, H.A. Abbass, M. Copland, S. Burdiken, M. Harb and C. Lokan, Euro 167K.",,,,Grants,,,,Research,Grants,21,list
item,Grants,"ARC Discovery (2006-2008), Defence and Security Risk Assessment using Agent Based Distillations, M. Barlow and H.A. Abbass, $306K.",,,,Grants,,,,Research,Grants,22,list
item,Grants,"ARC Linkage International (2005), Ensembles of Collaborative Neural Networks, H.A. Abbass and X. Yao, $15K.",,,,Grants,,,,Research,Grants,23,list
item,Grants,"ARC Networks (2004-2008), Research Network for a Secure Australia (RNSA), one of 50 CIs, $1,500K.",,,,Grants,,,,Research,Grants,24,list
item,Grants,"ARC Networks (2004-2008), Complex Open Systems Network (COSNet) , one of 50 CIs, $1,500K.",,,,Grants,,,,Research,Grants,25,list
item,Grants,"ARC Linkage (2004-2006), Scenario Driven Management in a Network Environment, D. Jarrat, T. Bossomaier, and H.A. Abbass, $513K.",,,,Grants,,,,Research,Grants,26,list
item,Grants,"ARC Centre (2003-2008), The ARC Centre for Complex Systems (ACCS) , one of 13 CIs, $5,250K.",,,,Grants,,,,Research,Grants,27,list
item,Grants,"ARC Network Seed Funding (2003), Australian Network on Security Technology Integration, one of 20 CIs, $20K.",,,,Grants,,,,Research,Grants,28,list
item,Publications,"Tang J., Leu G., and Abbass H.A. (2019). Simulation and Computational Red Teaming for Problem Solving. John Wiley & Sons, ISBN-10 1119527171, ISBN-13 9781119527176.",,,,Authored Books,,https://www.amazon.com.au/Simulation-Computational-Teaming-Problem-Solving/dp/1119527171,Open link,Research,Authored Books,30,list
item,Publications,"Liu J., Abbass H.A., and Tan K.C. (2018). Evolutionary Computation and Complex Networks. Springer International Publishing, ISBN (Hard Cover) 978-3-319-59998-4, (EBook) 978-3-319-60000-0, DOI:10.1007/978-3-319-60000-0. .",,,,Authored Books,,https://www.amazon.com.au/Evolutionary-Computation-Complex-Networks-Jing/dp/3319599984,Open link,Research,Authored Books,31,list
item,Publications,"Abbass H.A. (2015). Computational Red Teaming: Risk Analytics of Big-Data-to-Decisions Intelligent Systems. Springer International Publishing Switzerland. ISBN 978-3-319-08280-6 (Hard Cover), 978-3-319-08281-3 (EBook), ISBN-10 3319082809, DOI:10.1007/978-3-319-08281-3.",,,,Authored Books,,https://www.amazon.com/Computational-Red-Teaming-Big-Data-Decisions/dp/B01JXTFWTM/ref=asap_bc?ie=UTF8,Open link,Research,Authored Books,32,list
item,Publications,"Liu J., Green D.G., Abbass H.A. (2014). Dual Phase Evolution, Springer-Verlag, New York, ISBN 978-1-4419-8422-7 (hard cover), 978-1-4419-8423-4 (EBook), ISBN-10 1441984224, DOI:10.1007/978-1-4419-8423-4.",,,,Authored Books,,https://www.amazon.com/Phase-Evolution-Hussein-Abbass-2013-11-28/dp/B01K0S7LN0/ref=asap_bc?ie=UTF8,Open link,Research,Authored Books,33,list
item,Publications,Abbass H.A. and Hunjet R. (Ed. 2020). Shepherding UxVs for Human Swarm Teaming: An Artificial Intelligence Approach to Unmanned X Vehicles. Springer.,,,,Selected Edited Books,,https://www.amazon.com/Shepherding-UxVs-Human-Swarm-Teaming-Intelligence-ebook/dp/B08ZKH5DVK/ref=asap_bc?ie=UTF8,Open link,Research,Selected Edited Books,35,list
item,Publications,"Abbass H.A., Scholz J and Reid D. (Ed., 2018). Foundations of Trusted Autonomy. Springer. ISBN (Hard Cover) 978-3-319-64815-6 , (EBook) 978-3-319-64816-3, DOI:10.1007/978-3-319-64816-3. [Open Access, Click on the Title to download]",,,,Selected Edited Books,,https://www.amazon.com/Foundations-Trusted-Autonomy-Studies-Decision-ebook/dp/B0792B66KR/ref=asap_bc?ie=UTF8,Open link,Research,Selected Edited Books,36,list
item,Publications,"Abielmona, R., Falcon, R., Zincir-Heywood, N., and Abbass, H. (Eds) (2016). Recent Advances in Computational Intelligence in Defense and Security. Springer International Publishing. ISBN 978-3-319-26448-6 (Hard Cover), 978-3-319-26450-9 (eBook), doi:10.1007/978-3-319-26450-9. [PDF File]",,,,Selected Edited Books,,http://www.springer.com/us/book/9783319264486,Open link,Research,Selected Edited Books,37,list
item,Publications,"Abbass H.A. and Essam D.L. (Eds) Applications of Information Systems to Homeland Security and Defense, IGI publishers, USA, 2005.",,,,Selected Edited Books,,https://www.amazon.com/Applications-Information-Homeland-Security-2005-10-06/dp/B01K052Q1U/ref=asap_bc?ie=UTF8,Open link,Research,Selected Edited Books,39,list
item,Publications,"Abbass H.A., Sarker R. and Newton C. (Eds) (2002) Data Mining: A Heuristic Approach, Idea Group Publishing (USA).",,,,Selected Edited Books,,https://www.amazon.com/Data-Decision-Sciences-Action-Proceedings-ebook/dp/B074BWWYK6/ref=asap_bc?ie=UTF8,Open link,Research,Selected Edited Books,40,list
item,Publications,"Sarker R., Abbass H.A. and Newton C. (Eds) (2002) Heuristics and Optimisation for Knowledge Discovery, Idea Group Publishing (USA).",,,,Selected Edited Books,,https://www.amazon.com/Recent-Advances-Artificial-Hussein-Abbass/dp/B00Y5KK948/ref=asap_bc?ie=UTF8,Open link,Research,Selected Edited Books,41,list
item,Publications,"Russell Standish, Mark Bedau and Hussein Abbass (Eds), The 8th International Conference on the Simulation and Synthesis of Living Systems, MIT-Press (USA), 2002.",,,,Selected Edited Books,,https://www.amazon.com/Progress-Artificial-Life-Australian-Proceedings/dp/B01F9R8I3Y/ref=asap_bc?ie=UTF8,Open link,Research,Selected Edited Books,42,list
item,Publications,"Hepworth, A. J., Hussein, A., Reid, D. J., and Abbass, H. A. (2022). Swarm analytics: Designing information markers to characterise swarm systems in shepherding contexts. Adaptive Behavior, 10597123221137090.",,,,Journals,,,,Research,Journals,44,list
item,Publications,"Dong, X., Garratt, M. A., Anavatti, S. G., and Abbass, H. A. (2022). Towards Real-Time Monocular Depth Estimation for Robotics: A Survey. IEEE Transactions on Intelligent Transportation Systems.",,,,Journals,,,,Research,Journals,45,list
item,Publications,"Liu, J., Anavatti, S., Garratt, M., and Abbass, H. A. (2022). Modified continuous Ant Colony Optimisation for multiple Unmanned Ground Vehicle path planning. Expert Systems with Applications, 196, 116605.",,,,Journals,,,,Research,Journals,46,list
item,Publications,"Dong, X., Garratt, M. A., Anavatti, S. G., and Abbass, H. A. (2022). Mobilexnet: An efficient convolutional neural network for monocular depth estimation. IEEE Transactions on Intelligent Transportation Systems, 23(11), 20134-20147.",,,,Journals,,,,Research,Journals,47,list
item,Publications,"Yaxley, K. J., Reid, A., Kenworthy, C., Hossny, M., Baxter, D. P., Allworth, M. B., ... and Abbass, H. (2022). Building a Sky Shepherd for the future of agriculture. Smart Agricultural Technology, 100137. DOI:doi.org/10.1016/j.atech.2022.100137",,,,Journals,,https://doi.org/10.1016/j.atech.2022.100137,Open link,Research,Journals,48,list
item,Publications,"Hepworth, A. J., Baxter, D. P., and Abbass, H. A. (2022). Onto4MAT: A Swarm Shepherding Ontology for Generalized Multiagent Teaming. in IEEE Access, vol. 10, pp. 59843-59861. DOI:doi.org/10.1109/ACCESS.2022.3180032",,,,Journals,,https://doi.org/10.1109/ACCESS.2022.3180032,Open link,Research,Journals,50,list
item,Publications,"Liu, X., Kasmarik, K., and Abbass, H. (2022). Assessing Player Profiles of Achievement, Affiliation, and Power Motivation Using Electroencephalography. IEEE Transactions on Systems, Man, and Cybernetics: Systems, 52(6), 3648-3658, June 2022.",,,,Journals,,,,Research,Journals,52,list
item,Publications,"El-fiqi H., Wang M., Merrick, K., Bezerianos A., Tan K.C., and Abbass, H.A. (2022). Weighted Gate Layer Autoencoders. IEEE Transactions on Cybernetics, 52(8), 7242-7253, 2022.",,,,Journals,,,,Research,Journals,53,list
item,Publications,"Dam, T., Anavatti, S. G., and Abbass, H. A. (2022). Mixture of Spectral Generative Adversarial Networks for Imbalanced Hyperspectral Image Classification. IEEE Geoscience and Remote Sensing Letters, vol. 19, pp. 1-5, 2022, Art no. 5502005. DOI:doi.org/10.1109/LGRS.2020.3041864",,,,Journals,,https://doi.org/10.1109/LGRS.2020.3041864,Open link,Research,Journals,54,list
item,Publications,"Vahidnia, S., Abbasi, A., and Abbass, H. A. (2021). Embedding-based Detection and Extraction of Research Topics from Academic Documents Using Deep Clustering. Journal of Data and Information Science, 6(3), 99-122.",,,,Journals,,,,Research,Journals,56,list
item,Publications,"Abbass, H., Petraki, E., Hussein, A., McCall, F., and Elsawah, S. (2021). A model of symbiomemesis: machine education and communication as pillars for human-autonomy symbiosis. Philosophical Transactions of the Royal Society A, 379(2207), 20200364.",,,,Journals,,,,Research,Journals,57,list
item,Publications,"Hepworth, A.J., Baxter, D.P., Hussein, A., Yaxley, K.J., Debie, E., and Abbass, H.A. (2021). Human-Swarm-Teaming Transparency and Trust Architecture. IEEE/CAA J. Automatica Sinica, 8(7), 1281-1295. http://www.ieee-jas.org/article/id/f6ff7250-d301-4490-9dab-edc6012c5299?pageType=en",,,,Journals,,http://www.ieee-jas.org/article/id/f6ff7250-d301-4490-9dab-edc6012c5299?pageType=en,Open link,Research,Journals,58,list
item,Publications,"Debie, E., Raul F.R., Fidock, J., Barlow, M., Merrick, K., Anavatti, S., Garratt, M., and Abbass H.A. (2021). Multimodal Fusion for Objective Assessment of Cognitive Workload: A Review. IEEE Transactions on Cybernetics, 51(3), 1542-1555.",,,,Journals,,,,Research,Journals,60,list
item,Publications,"Hussein, A., Elsawah, S., Petraki, E., and Abbass, H. A. (2021). A machine education approach to swarm decision-making in best-of-n problems. Swarm Intelligence, 1-32.",,,,Journals,,,,Research,Journals,61,list
item,Publications,"Wang, M., Kasmarik, K., Bezerianos, A., Tan, K. C., and Abbass, H. (2021). On the channel density of EEG signals for reliable biometric recognition. Pattern Recognition Letters, 147, 134-141.",,,,Journals,,,,Research,Journals,62,list
item,Publications,"Liu, J., Anavatti, S., Garratt, M., Tan, K. C., and Abbass, H. A. (2021). A survey, taxonomy and progress evaluation of three decades of swarm optimisation. Artificial Intelligence Review, 1-119.",,,,Journals,,,,Research,Journals,63,list
item,Publications,"Liu, J., Anavatti, S., Garratt, M., and Abbass, H. A. (2021). Multi-operator continuous ant colony optimisation for real world problems. Swarm and Evolutionary Computation, 100984.",,,,Journals,,,,Research,Journals,64,list
item,Publications,"Vahidnia, S., Abbasi, A., and Abbass, H. A. (2021). Embedding-based Detection and Extraction of Research Topics from Academic Documents Using Deep Clustering. Journal of Data and Information Science, 6(3), 99-122.",,,,Journals,,,,Research,Journals,65,list
item,Publications,"Yaxley, K. J., Joiner, K. F., and Abbass, H. (2021). Drone approach parameters leading to lower stress sheep flocking and movement: sky shepherding. Scientific reports, 11(1), 1-9.",,,,Journals,,,,Research,Journals,66,list
item,Publications,"Debie, E., El-fiqi H., Fidock, J., Barlow, M., Merrick, K., Anavatti, S., Garratt, M., and Abbass H.A. (2021). Autonomous recommender system for reconnaissance tasks using a swarm of UAVs and asynchronous shepherding. Human-Intelligent Systems Integration, 3(2), 175-186.DOI:doi.org/10.1007/s42454-020-00024-w",,,,Journals,,https://www.husseinabbass.net/doi.org/10.1007/s42454-020-00024-w,Open link,Research,Journals,67,list
item,Publications,"Hussein A., El- Sawah, S., and Abbass H.A. (2020). The Reliability and Transparency Bases of Trust in Human-Swarm Interaction: Principles and Implications. Ergonomics, 63(9), 1116-1132. DOI:doi.org/10.1080/00140139.2020.1764112",,,,Journals,,https://www.husseinabbass.net/doi.org/10.1080/00140139.2020.1764112,Open link,Research,Journals,69,list
item,Publications,"Hussein A., El- Sawah, S., and Abbass H.A. (2020). Trust Mediating Reliability-Reliance Relationship in Supervisory Control of Human-Swarm Interactions. Human Factors : The Journal of the Human Factors and Ergonomics Society,62(8), 1237-1248. DOI:doi.org/10.1177/0018720819879273",,,,Journals,,https://www.husseinabbass.net/doi.org/10.1177/0018720819879273,Open link,Research,Journals,71,list
item,Publications,"El-Fiqi, H., Campbell, B., Elsayed, S., Perry, A., Singh, H. K., Hunjet, R., and Abbass, H. A. (2020). The Limits of Reactive Shepherding Approaches for Swarm Guidance. IEEE Access, 8, 214658-214671. DOI:doi.org/10.1109/ACCESS.2020.3037325",,,,Journals,,https://doi.org/10.1109/ACCESS.2020.3037325,Open link,Research,Journals,73,list
item,Publications,"Long, N. K., Sammut, K., Sgarioto, D., Garratt, M., and Abbass, H. A. (2020). A Comprehensive Review of Shepherding as a Bio-Inspired Swarm-Robotics Guidance Approach. IEEE Transactions on Emerging Topics in Computational Intelligence, 523 - 537. DOI:doi.org/10.1109/TETCI.2020.2992778 [Author Version]",,,,Journals,,https://www.husseinabbass.net/doi.org/10.1109/TETCI.2020.2992778 | https://arxiv.org/pdf/1912.07796,Open link,Research,Journals,75,list
item,Publications,"Wang M., Hu J., and Abbass H.A. (2020). BrainPrint: EEG Biometric Identification based on Analyzing Brain Connectivity Graphs. Pattern Recognition, Volume 105, September 2020, 107381. DOI:doi.org/10.1016/j.patcog.2020.107381",,,,Journals,,https://www.husseinabbass.net/doi.org/10.1016/j.patcog.2020.107381,Open link,Research,Journals,78,list
item,Publications,"Raul F.R., Debie, E., Fidock, J., Barlow, M., Merrick, K., Anavatti, S., Garratt, M., and Abbass H.A. (2020). Electroencephalographic Workload Indicators During Teleoperation of an Unmanned Aerial Vehicle Shepherding a Swarm of Unmanned Ground Vehicles in Contested Environments. Frontiers Neuroscience, 14:40. DOI:doi.org/10.3389/fnins.2020.00040",,,,Journals,,https://www.husseinabbass.net/doi.org/10.3389/fnins.2020.00040,Open link,Research,Journals,80,list
item,Publications,"Chica, M., Chiong, R., Ramasco J.J., and Abbass H.A. (2019). Effects of update rules on networked N-player trust game dynamics. Communications in Nonlinear Science and Numerical Simulation, 79, article 104870. DOI:doi.org/10.1016/j.cnsns.2019.104870",,,,Journals,,https://doi.org/10.1016/j.cnsns.2019.104870,Open link,Research,Journals,82,list
item,Publications,"Wang M., ElFiqi H., Hu J., and Abbass H.A. (2019). Convolutional Neural Networks Using Dynamic Functional Connectivity for EEG-based Person Identification in Diverse Human States. IEEE Transactions on Information Forensics & Security, 14(12), 3259-3272. https://ieeexplore.ieee.org/document/8716699",,,,Journals,,,,Research,Journals,84,list
item,Publications,"Raul Fernandez-Rojas, Anthony Perry, Hemant Singh, Benjamin Campbell, Saber Elsayed, Robert Hunjet and Abbass H. A. (2019). Contextual Awareness in Human-Advanced-Vehicle Systems: A Survey. IEEE Access, vol. 7, pp. 33304 - 33328.[ Open Access Full Paper available for Download for Free] . DOI:doi.org/10.1109/ACCESS.2019.2902812",,,,Journals,,https://ieeexplore.ieee.org/document/8658079,Open link,Research,Journals,85,list
item,Publications,"ElFiqi H., Petraki E., and Abbass H. A. (2019). Network Motifs for Translator Stylometry Identification. PLoS ONE 14(2): e0211809. https://doi.org/10.1371/journal.pone.0211809. [ Open Access Full Paper available for Download for Free]",,,,Journals,,https://journals.plos.org/plosone/article?id=10.1371/journal.pone.0211809,Open link,Research,Journals,87,list
item,Publications,"Abbass H.A. (2019). Social Integration of Artificial Intelligence: Functions, Automation Allocation Logic, and Human-Autonomy Trust. Cognitive Computation, 11(2), 159-171. DOI:10.1007/s12559-018-9619-0. [Open Access Full Paper available for Download for Free]",,,,Journals,,https://link.springer.com/content/pdf/10.1007%2Fs12559-018-9619-0.pdf,Open link,Research,Journals,89,list
item,Publications,"Greenwood G., Abbass H.A., and Petraki E. (2018). When is Altruistic Punishment Useful in Social Dilemmas?. BioSystems, 174, 60-62. DOI:doi.org/10.1016/j.biosystems.2018.10.015.",,,,Journals,,,,Research,Journals,91,list
item,Publications,"Yang, Z., Merrick K., Jin, L. and Abbass, H.A. (2018). Hierarchical Deep Reinforcement Learning for Continuous Action Control. IEEE Transactions on Neural Networks and Learning Systems, 29(11), 5174-5184. DOI:10.1109/TNNLS.2018.2805379 [PDF File]",,,,Journals,,https://www.husseinabbass.net/mypapers/IEEETNNLS18.pdf,Open link,Research,Journals,92,list
item,Publications,"Xuejie, L., Merrick K., and Abbass H.A. (2018). Towards Electroencephalographic Profiling of Player Motivation: A Survey. IEEE Transactions on Cognitive and Developmental Systems, 10(3), 499-513. DOI: 10.1109/TCDS.2017.2726083 [PDF File]",,,,Journals,,https://www.husseinabbass.net/mypapers/IEEETCDS18.pdf,Open link,Research,Journals,94,list
item,Publications,"Goh S.K., Abbass H.A., Tan K.C., Al-Mamun A., Thakor N., Bezerianos A., and Li J. (2018). Spatio-spectral Representation Learning for Electroencephalographic Gait Pattern Classification. IEEE Transactions on Neural Systems & Rehabilitation Engineering, 26(9), 1858-1867. DOI: 10.1109/TNSRE.2018.2864119",,,,Journals,,,,Research,Journals,96,list
item,Publications,"Xiao M., Cai K., and Abbass H.A. (2018). Hybridized Encoding for Evolutionary Multi-objective Optimization of Air Traffic Network Flow: A Case Study on China. Transportation Research Part E, 115, 35-55, https://doi.org/10.1016/j.tre.2018.04.011.",,,,Journals,,,,Research,Journals,97,list
item,Publications,"Tang, J., Leu, G. and Abbass, H.A. (2018) . Networking the Boids is More Robust Against Adversarial Learning. IEEE Transactions on Network Science and Engineering. 5(2), 141-155. DOI: 10.1109/TNSE.2017.2745108",,,,Journals,,,,Research,Journals,98,list
item,Publications,"Wang, K., Bui, V., Petraki, E. and Abbass, H.A. (2018) . Human-Guided Evolutionary Story Narration. IEEE Access, vol 6, 13783-13802. DOI: 0.1109/ACCESS.2018.2797879 Open Access Full Paper available for Download for Free]",,,,Journals,,http://ieeexplore.ieee.org/document/8269292/,Open link,Research,Journals,99,list
item,Publications,"Harvey, J. Merrick K., and Abbass, H.A. (2018) . Assessing Human Judgement of Computationally Generated Swarming Behaviour. Frontiers Robotics and AI, 5(13). DOI:10.3389/frobt.2018.00013 [Open Access Full Paper available for Download for Free]",,,,Journals,,https://www.frontiersin.org/articles/10.3389/frobt.2018.00013/abstract,Open link,Research,Journals,101,list
item,Publications,"Keshk, M., Singh, H., and Abbass H.A. (2018) . Automatic estimation of differential evolution parameters using Hidden Markov Models. Evolutionary Intelligence, 10(3–4), 77–93. DOI: 10.1007/s12065-018-0153-5 [PDF File]",,,,Journals,,https://www.husseinabbass.net/papers/keshk2017hmmde.pdf,Open link,Research,Journals,103,list
item,Publications,"Goh S.K., Abbass H.A., Tan K.C., Al-Mamun A., Wang C., Guan C. (2017) . Automatic EEG Artifact Removal Techniques by Detecting Influential Independent Components. IEEE Transactions on Emerging Topics in Computational Intelligence, 1(4), 270-279. 10.1109/TETCI.2017.2690913",,,,Journals,,http://ieeexplore.ieee.org/document/8006366/,Open link,Research,Journals,105,list
item,Publications,"Wang S.L., Shafi K., Ng T.F., Lokan C., Abbass H.A. (2017) . Contrasting Human and Computational Intelligence Based Autonomous Behaviors in a Blue-Red Simulation Environment. IEEE Transactions on Emerging Topics in Computational Intelligence, 1(1), 27-40. DOI:10.1109/TETCI.2016.2641929. [Open Access Full Paper available for Download for Free]",,,,Journals,,http://ieeexplore.ieee.org/document/7820081/ | http://ieeexplore.ieee.org/document/7820081/,Open link,Research,Journals,107,list
item,Publications,"Shafi K., Abbass H.A. (2017) . A Survey of Learning Classifier Systems in Games. IEEE Computational Intelligence Magazine, 12, 42 - 55. DOI:10.1109/MCI.2016.2627670. [PDF File]",,,,Journals,,http://ieeexplore.ieee.org/abstract/document/7807383/ | https://www.husseinabbass.net/papers/LCSinGames_Final.pdf,Open link,Research,Journals,110,list
item,Publications,"Zhang B., Shafi K., and Abbass H.A. (2017) . On Benchmark Problems and Metrics for Decision Space Performance Analysis in Multi-Objective Optimization. International Journal of Computational Intelligence and Applications, 16(1), 1750006-1750024.",,,,Journals,,http://www.worldscientific.com/DOI/abs/10.1142/S1469026817500067,Open link,Research,Journals,113,list
item,Publications,"Wang B., Merrick K., and Abbass H.A. (2017) . Co-operative Coevolutionary Neural Networks for Mining Functional Association Rules. IEEE Transactions on Neural Networks and Learning Systems, 28(6), 1331-1344, DOI:10.1109/TNNLS.2016.2536104.",,,,Journals,,http://ieeexplore.ieee.org/abstract/document/7436771/,Open link,Research,Journals,115,list
item,Publications,"Gee S.B., Tan K. C., and Abbass H.A. (2017) . A Benchmark Test Suite for Dynamic Evolutionary Multiobjective Optimization. IEEE Transactions on Cybernetics, 47(2), 461-472, DOI:10.1109/TCYB.2016.2519450.",,,,Journals,,http://ieeexplore.ieee.org/abstract/document/7407653/,Open link,Research,Journals,117,list
item,Publications,"Goh S. K., Abbass H. A., Tan K. C., and Al Mamun, A. (2016) . Decompositional Independent Component Analysis Using Multi-objective Optimization. Soft Computing, 20(4), 1289-1304, DOI:10.1007/s00500-015-1587-7.",,,,Journals,,https://link.springer.com/article/10.1007%2Fs00500-015-1587-7,Open link,Research,Journals,119,list
item,Publications,"Abbass, H. A., Leu, G., and Merrick, K. (2016). A Review of Theoretical and Practical Challenges of Trusted Autonomy in Big Data. IEEE Access, 4, 2808-2830. DOI:10.1109/access.2016.2571058. [Open Access Full Paper available for Download for Free]",,,,Journals,,http://ieeexplore.ieee.org/document/7480763/,Open link,Research,Journals,121,list
item,Publications,"Abbass H.A., Petraki E., Merrick K., Harvey J., and Barlow M. (2016). Trusted Autonomy and Cognitive Cyber Symbiosis: Open Challenges. Cognitive Computation, 8(3), 385-408. 10.1007/s12559-015-9365-5.[Open Access Full Paper available for Download for Free]",,,,Journals,,http://rd.springer.com/article/10.1007/s12559-015-9365-5,Open link,Research,Journals,123,list
item,Publications,"Abbass H.A., Greenwood G., and Petraki E. (2016). The N-Player Trust Game and its Replicator Dynamics. IEEE Transactions on Evolutionary Computation, 20(3), 470-474,. DOI:10.1109/TEVC.2015.2484840. [PDF File]",,,,Journals,,http://ieeexplore.ieee.org/document/7284709/ | https://www.husseinabbass.net/papers/TrustRevised.pdf,Open link,Research,Journals,125,list
item,Publications,"Leu, G. and Abbass, H.A. (2016). A Multi-Disciplinary Review of Knowledge Acquisition Methods: From Human to Autonomous Eliciting Agents. Knowledge-Based Systems, 105, 1-22, August. DOI:10.1016/j.knosys.2016.02.012.",,,,Journals,,,,Research,Journals,128,list
item,Publications,"ElFiqi H., Petraki E., and Abbass H. A. (2016). Pairwise Comparative Classification for Translator Stylometric Analysis. ACM Transactions on Asian Language Information Processing, 16(1), Article 2 Online first, DOI:10.1145/2898997.",,,,Journals,,,,Research,Journals,129,list
item,Publications,"Xin Q., Xu J.X., Tan K.C., and Abbass H. A. (2016). Adaptive Cross-Generation Differential Evolution Operators for Multi-objective Optimization. IEEE Transactions on Evolutionary Computation, 20(2), 232-244. DOI:10.1109/TEVC.2015.2433672.",,,,Journals,,,,Research,Journals,130,list
item,Publications,"Ghoneim A and Abbass H.A. (2016). A Multiobjective Distance Separation Methodology to Determine Sector-Level Minimum Separation for Safe Air Traffic Scenarios. European Journal of Operational Research, 253(1), 226-240, DOI:10.1016/j.ejor.2016.02.031.",,,,Journals,,,,Research,Journals,131,list
item,Publications,"Xiong, J., Leus, R., Yang, Z., and Abbass, H. A. (2016). Evolutionary multi-objective resource allocation and scheduling in the Chinese navigation satellite system project. European Journal of Operational Research, 251(2), 662-675, DOI:10.1016/j.ejor.2015.11.031",,,,Journals,,,,Research,Journals,132,list
item,Publications,"Harvey J., Merrick K., and Abbass H.A.(2015). Application of chaos measures to a simplified Boids flocking model. Swarm Intelligence, vol. 9, pp. 23-41.",,,,Journals,,,,Research,Journals,133,list
item,Publications,"Schiechowski M, Merrick K, Mandziuk J, and Abbass H (2015) Human Machine Cooperation Loop in Game Playing, International Journal on Advances in Intelligent Systems, vol. 8, pp. 310 - 323, https://www.thinkmind.org/index.php?view=article&articleid=intsys_v8_n34_2015_8.",,,,Journals,,,,Research,Journals,134,list
item,Publications,"Abbass H.A., Jiangjun T., Ellejmi M., Kirby S. (2014). Visual and auditory reaction time for air traffic controllers using quantitative electroencephalograph (QEEG) data. Brain Informatics, no. 2198-4018.",,,,Journals,,,,Research,Journals,135,list
item,Publications,"Leu G., Curtis N., and Abbass H.A. (2014). Society of Mind cognitive agent architecture applied to drivers adapting in a traffic context. Adaptive Behaviour, vol. 22, no. 2, pp. 123 - 145.",,,,Journals,,,,Research,Journals,136,list
item,Publications,"Abbass H.A., Tang J., Amin R., Ellejmi M., Kirby S. (2014). The computational air traffic control brain: Computational red teaming and big data for real-time seamless brain-traffic integration. Journal of Air Traffic Control, vol. 52, no. 2, pp. 10-17.",,,,Journals,,,,Research,Journals,137,list
item,Publications,"Xiong J., Liu J., Chen Y., and Abbass H.A. (2014) . A Knowledge-based Evolutionary Multi-objective Approach for Stochastic Extended Resource Investment Project Scheduling Problems. IEEE Transactions on Evolutionary Computation, vol. 18, no. 5, pp. 742 - 763.",,,,Journals,,,,Research,Journals,138,list
item,Publications,"Zhao W., Alam S., Abbass H.A. (2014) . MOCCA-II: A multi-objective co-operative co-evolutionary algorithm. Applied Soft Computing, vol. 23, pp. 407-416.",,,,Journals,,,,Research,Journals,139,list
item,Publications,"Nguyen L., Bui L. and Abbass H.A. (2014) . DMEA-II: the Direction-based Multi-objective Evolutionary Algorithm - II. Soft Computing, vol. 18, no. 11, pp. 2119 - 2134.",,,,Journals,,,,Research,Journals,140,list
item,Publications,"Alam S., Lokan C., Aldis G., Barry S., Butcher R., and Abbass H.A. (2013) . Systemic Identification of Airspace Collision Risk Tipping points using an Evolutionary Multi-Objective Scenario-based Methodology. Transportation Research Part C, Elsevier, vol. 35, pp. 57 - 84.",,,,Journals,,,,Research,Journals,141,list
item,Publications,"Shafi K. and Abbass H.A. (2013) . Evaluation of an Adaptive Genetic-Based Signature Extraction System for Network Intrusion Detection. Pattern Analysis and Applications, Springer, vol. 16, no. 4, pp. 549 - 566.",,,,Journals,,,,Research,Journals,142,list
item,Publications,"Zhao W., Alam S. and Abbass H.A. (2013) . Evaluating Ground-Air Network Vulnerability in an Integrated Terminal Maneuvering Area Using Co-evolutionary Computational Red Teaming. Transportation Research Part C, Elsevier, 29(4), 32-54.",,,,Journals,,,,Research,Journals,143,list
item,Publications,"Wang S., Shafi K., Lokan C., and Abbass H.A. (2013) . An agent based model to simulate and analyse behaviour under noisy and deceptive information. Adaptive Behaviour, Sage, 21(2), 96-117, 2013.",,,,Journals,,,,Research,Journals,144,list
item,Publications,"Abbass HA, Tucek DC, Kirby S, and Ellejmi M (2013) . Brain Traffic Integration. Air Traffic Technology International, pp. 34 - 39.",,,,Journals,,,,Research,Journals,145,list
item,Publications,"Leu G, Curtis NJ, and Abbass H (2013) . Modeling and simulation of road traffic behavior: Artificial drivers with personality and emotions. Journal of Advanced Computational Intelligence and Intelligent Informatics, vol. 17, pp. 851 – 861.",,,,Journals,,,,Research,Journals,146,list
item,Publications,"Shafi K., Bender A., Zhong W., and Abbass H.A. (2012) . Spatio-Temporal Dynamics of Security Investments in an Interdependent Risk Environment. Physica A: Statistical Mechanics and its Applications, 391(20), 5004-5017",,,,Journals,,https://www.sciencedirect.com/science/article/pii/S0378437112003913,Open link,Research,Journals,147,list
item,Publications,"Liu J., Abbass H.A., Green D.G., Zhong W. (2012) . Motif Difficulty (MD): A Novel Predictive Measure of Problem Difficulty for Evolutionary Algorithms based on Network Motifs. Evolutionary Computation, MIT Press, 20(3), 1-27.",,,,Journals,,,,Research,Journals,149,list
item,Publications,"Alam S., Zhao W., Tang J., Lokan C., Ellejmi M., Kirby S. and Abbass H.A. (2012) . A Co-Evolutionary Framework for Identifying Delay Patterns in Arrival Traffic and Ground Events for Dynamic CDA Operations. Air Traffic Control Quarterly, 20(1), 47-72.",,,,Journals,,,,Research,Journals,150,list
item,Publications,"Tang J., Alam S., Lokan C. and Abbass H.A. (2012) . A Multi-Objective Approach for Dynamic Airspace Sectorization Using Agent Based and Geometric Models. Transportation Research Part C, Elsevier, 21(1), 89-121.",,,,Journals,,,,Research,Journals,151,list
item,Publications,"Bui V., Pham V.V., Iorio A.W., Tang J., Alam S. and Abbass H.A. (2012) . Bio-Inspired Robotics for Air Traffic Weather Information Management. The Transactions of the Institute of Measurement and Control, Sage, 34(2-3), 291-317.",,,,Journals,,,,Research,Journals,152,list
item,Publications,"Bui L., Abbass H.A., Barlow M., and Bender A. (2012) . Robustness Against the Decision-Maker's Attitude to Risk in Problems with Conflicting Objectives. IEEE Transactions on Evolutionary Computation, 16(1), 1-19.",,,,Journals,,,,Research,Journals,153,list
item,Publications,"Abbass H.A. and Petraki E. (2011) . The Causes for No Causation: A Computational Perspective. Information Knowledge Systems Management, IOS Press, Information, Knowledge, and Systems Management, 10 (1-4), 51-74.",,,,Journals,,,,Research,Journals,154,list
item,Publications,"Liu J., Abbass H.A., Zhong W., Green D.G. (2011) . Local-Global Interaction and the Emergence of Scale-Free Networks with Community Structures. Artificial Life, MIT Press, 17(4), 263-279.",,,,Journals,,,,Research,Journals,155,list
item,Publications,"Abbass H.A., Bender A., Gaidow S., and Whitbread P. (2011) . Computational Red Teaming: Past, Present and Future. IEEE Computational Intelligence Magazine, IEEE Press, Volume 6, February 2011, Pages 30-42.",,,,Journals,,http://ieeexplore.ieee.org/document/5692200/,Open link,Research,Journals,156,list
item,Publications,"Alam S., Nguyen M.H., H.A. Abbass, C. Lokan, M. Ellejmi and S. Kirby (2011) . Multi-Aircraft Dynamic Continuous Descent Approach Methodology for Low Noise and Emission Guidance. AIAA Journal of Aircraft, 48(4), 1225-1237.",,,,Journals,,,,Research,Journals,158,list
item,Publications,"Bui L.T., Liu J., Bender A., Barlow M., Wesolkowski S. and Abbass H.A. (2011) . DMEA: a direction-based multiobjective evolutionary algorithm. Memetic Computing, Springer-Verlag, 3(4), 271-285.",,,,Journals,,,,Research,Journals,159,list
item,Publications,"Zhong W., Abbass HA, Bender A, and Liu J. (2011) . Mixed Strategy and Coevolution Dynamics in Social Networks. Physica A: Statistical Mechanics and its Applications, Elsevier, 390(2), Pages 410-417.",,,,Journals,,,,Research,Journals,160,list
item,Publications,"Barbosa B.H.G, Bui L.T., Abbass H.A., Aguirre L.A. and Braga A.P. (2011) . The use of coevolution and the artificial immune system for ensemble learning. Soft Computing, 15(9), 1735-1747.",,,,Journals,,,,Research,Journals,161,list
item,Publications,"Pham V.V., Tang J., Alam S., Lokan C., and Abbass H.A. (2010) . Australian Aviation Emission Inventory Development and Analysis. Environmental Modelling & Software, Elsevier, 25(12), 1738-1753.",,,,Journals,,,,Research,Journals,162,list
item,Publications,"S.L. Wang, K. Shafi, C. Lokan, and H.A. Abbass (2010) . Adversarial learning: the impact of statistical sample selection techniques on neural ensembles. Evolving Systems, 1(3): 181-197.",,,,Journals,,,,Research,Journals,163,list
item,Publications,"Abbass H.A., Alam S., and Bender A. (2009) . MEBRA: Multiobjective Evolutionary Based Risk Assessment. IEEE Computational Intelligence Magazine, IEEE Press, Volume 4, 29-36. [Impact factors 2.622]",,,,Journals,,http://ieeexplore.ieee.org/document/5190932/,Open link,Research,Journals,164,list
item,Publications,"Quek H.Y., Tan K.C., and Abbass H.A. (2009) . Evolutionary Game Theoretic Approach for Modeling Civil Violence. IEEE Transactions on Evolutionary Computation, 13(4), Pages 1-21.",,,,Journals,,,,Research,Journals,166,list
item,Publications,"Rojanavasu P., Dam H.H., Abbass H.A., Lokan C. and Pinngern O. (2009) . A Self-Organized, Distributed, and Adaptive Rule-Based Induction System. IEEE Transactions on Neural Networks, 20(3), 446-459.",,,,Journals,,,,Research,Journals,167,list
item,Publications,"Quek H.Y., Tan K.C., Goh C.K., and Abbass H.A. (2009) . Evolution and incremental learning in the iterated prisoners dilemma. IEEE Transactions on Evolutionary Computation, 13(2), 303-320.",,,,Journals,,,,Research,Journals,168,list
item,Publications,"Bui L., Abbass H.A., and Essam D. (2009) . Localization for Solving Noisy Multi-objective Optimization Problems. Evolutionary Computations, MIT Press, 17(3), 379-409.",,,,Journals,,,,Research,Journals,169,list
item,Publications,"Alam S., Shafi K., H.A. Abbass and M. Barlow (2009) . An Ensemble Approach for Conflict Detection in Free Flight by Data Mining. Transportation Research Part C, 17(3), 298-317.",,,,Journals,,,,Research,Journals,170,list
item,Publications,"Shafi K. and Abbass H.A. (2009) . An Adaptive Genetic-Based Signature Learning System for Intrusion Detection. Expert Systems with Applications, Elsevier Science, 36(10), 12036-12043.",,,,Journals,,,,Research,Journals,171,list
item,Publications,"Macrossan P.E., Kinghorn B.P., and Abbass H.A. (2009) . Cyclic genotyping strategies III: Investigations into group genotyping. Journal of Animal Breeding and Genetics, 126(2), 117-126.",,,,Journals,,,,Research,Journals,172,list
item,Publications,"Bui L., Abbass H.A. and Essam D. (2009) . Local Models - an Approach to Distributed Multi-objective Optimization. Computational Optimization and Application Journal, 42(1), 105-139.",,,,Journals,,,,Research,Journals,173,list
item,Publications,"Abbass H.A. and Bender A. (2009) . The Pareto Operating Curve for Risk Minimization. Artificial Life and Robotics Journal, 14(4), 449-452.",,,,Journals,,,,Research,Journals,174,list
item,Publications,"Bui L.T., Barlow M. and Abbass H.A. (2009). A Multiobjective Risk-based Framework for Mission Capability Planning. New Mathematics and Natural Computation, World Scientific, 5(2), pp 459-485.",,,,Journals,,,,Research,Journals,175,list
item,Publications,"Shafi K., Kovacs T., Abbass H.A., and Zhu W. (2009) . Intrusion Detection with Evolutionary Learning Classifier Systems. Natural Computing, Springer, 8(1), 3-27.",,,,Journals,,,,Research,Journals,176,list
item,Publications,"Badham J., Abbass H.A., and Stocker R. (2008). Parameterisation of keeling€™s network generation algorithm. Journal of Theoretical Population Biology, 74(2), 161-166.",,,,Journals,,,,Research,Journals,177,list
item,Publications,"Dam H., Abbass H.A., Lokan C. and Yao X. (2008) . Negative Correlation Learning for Neural-Based Learning Classifier Systems. IEEE Transactions on Data and Knowledge Engineering, vol 20(1), 26-39.",,,,Journals,,,,Research,Journals,178,list
item,Publications,"Ghoneim A., Abbass H.A. and M. Barlow (2008) . Characterizing Game Dynamics in 2-Player Strategy Games Using Network Motifs. IEEE Transactions on Systems, Man, Cybernetics, Part B, vol 38(3), 682-690.",,,,Journals,,http://ieeexplore.ieee.org/document/4497305/,Open link,Research,Journals,179,list
item,Publications,"Alam S., Abbass H.A. and Barlow M. (2008) . ATOMS: Air Traffic Operations and Management Simulator. IEEE Transactions on Intelligent Transportation, vol 9(2), 209-225.",,,,Journals,,,,Research,Journals,181,list
item,Publications,"Nguyen M.H., Abbass H.A. and McKay R. (2008) . Analysis of CCME: Coevolutionary Dynamics, Automatic Problem Decomposition and Regularization. IEEE Transactions on Systems, Man, Cybernetics, Part C, vol 38(1), 100-109.",,,,Journals,,,,Research,Journals,182,list
item,Publications,"Bui L., Deb K., Abbass H.A. and Essam D. (2008) . Interleaving Guidance in Evolutionary Multi-objective Optimization. Journal of Computer Science and Technology, 23(1), 4463.",,,,Journals,,,,Research,Journals,183,list
item,Publications,"Shafi K. and Abbass H.A. (2007) . Biologically-inspired Complex Adaptive Systems approaches to Network Intrusion Detection. Information Security Technical Reports, vol 12(4), 209-217, Elsevier Science.",,,,Journals,,,,Research,Journals,184,list
item,Publications,"Yang A., Abbass H.A., and Sarker R (2006) . Characterizing Warfare in Red Teaming. IEEE Transactions on Systems, Man, Cybernetics, Part B, 36(1), 268-285.",,,,Journals,,http://ieeexplore.ieee.org/document/1605376/?reload=true,Open link,Research,Journals,185,list
item,Publications,"Nguyen M.H., Abbass H.A. and McKay R. (2006) . A Novel Mixture of Experts Model Based on Cooperative Coevolution. Neurocomputing, Elsevier Science, Vol 1-3, 155-163.",,,,Journals,,,,Research,Journals,187,list
item,Publications,"H.A. Abbass (2006) . An economical cognitive approach for bi-objective optimization using bliss points, visualization, and interaction. Soft Computing, 10(8): 687-698 (2006)",,,,Journals,,,,Research,Journals,188,list
item,Publications,"Teo J. and Abbass H.A. (2005) . Multi-objectivity and Complexity in Embodied Cognition. IEEE Transactions on Evolutionary Computation, 9(4), pp. 337-360.",,,,Journals,,,,Research,Journals,189,list
item,Publications,"M.H. Nguyen, H.A. Abbass, R.I. McKay (2005) . Stopping criteria for ensemble of evolutionary artificial neural networks. Applied Soft Computing, 6(1): 100-107.",,,,Journals,,,,Research,Journals,190,list
item,Publications,"Jiang QS, Sarker R, and Abbass HA, (2005) Tracking Moving Objects and the Non stationary Travelling Salesman Problem, Complexity International: An electronic journal of complex systems research, vol. 11, pp. 171 - 179.",,,,Journals,,,,Research,Journals,191,list
item,Publications,"Liu B, Abbass H.A. and McKay R I (2004) . Classification Rule Discovery with Ant Colony Optimisation. IEEE Computational Intelligence Bulletin, 3(1), pp. 31-35. [Impact factors 2.622].",,,,Journals,,,,Research,Journals,192,list
item,Publications,"Teo J. and Abbass H.A. (2004) . Automatic Generation of Controllers for Embodied Legged Organisms: a Pareto Evolutionary Multi-Objective Approach. Evolutionary Computations, MIT Press, 12(3), pp. 355-394.",,,,Journals,,,,Research,Journals,193,list
item,Publications,"Teo J. and Abbass H.A. (2004) . Information-Theoretic Landscape Analysis of Neuro-Controlled Embodied Organisms. Neural Computing and Applications, Springer, 31(1), pp. 80-89.",,,,Journals,,,,Research,Journals,194,list
item,Publications,"Shan Y, Mckay RI, Abbass HA, and Essam D (2004) Program Distribution Estimation with Grammar Models, Complexity International: An electronic journal of complex systems research, vol. 11, pp. 191 - 205.",,,,Journals,,,,Research,Journals,195,list
item,Publications,"Abbass H.A. (2003) . Speeding up Back-Propagation Using Multiobjective Evolutionary Algorithms. Neural Computation, MIT Press, vol. 15, No 11, 2705-2726.",,,,Journals,,,,Research,Journals,196,list
item,Publications,"Teo J. and Abbass H.A. (2003) . A True Annealing Approach to the Marriage in Honey-Bees Optimization Algorithm. The International Journal of Computational Intelligence and Applications, Volume 3, No 2, pp 199-208.",,,,Journals,,,,Research,Journals,197,list
item,Publications,"McKay R. and Abbass H.A. (2003) . Artificial Life: An Introduction. The International Journal of Computational Intelligence and Applications, Volume 3, No 2, pp 143-144.",,,,Journals,,,,Research,Journals,198,list
item,Publications,"Teo J. and Abbass H.A. (2003) . Search Space Difficulty of Evolutionary Neuro-Controlled Legged Robots. The International Journal of Knowledge Based and Intelligent Engineering Systems, Volume 7, No 3, 149-156.",,,,Journals,,,,Research,Journals,199,list
item,Publications,"Abbass H.A., Towsey M., Kozan E. and Werf J. Van Der (2003) . Genetic Algorithms for a Large Scale Dynamic Allocation Problem. Journal of Applied System Sciences (JASS), Cambridge Press, 4(2).",,,,Journals,,,,Research,Journals,200,list
item,Publications,"Abbass H.A. (2002) . An evolutionary artificial neural networks approach for Breast Cancer Diagnosis. Artificial Intelligence in Medicine, Elsevier Science, vol 25/3 pp 265-281.",,,,Journals,,,,Research,Journals,201,list
item,Publications,"Abbass H.A. (2002) . An agent based approach to 3-SAT using marriage in honey-bees optimization. International Journal of Knowledge-Based and Intelligent Engineering Systems (KES) , Vol. 6, No. 2, pp. 1-8.",,,,Journals,,,,Research,Journals,202,list
item,Publications,"Abbass H.A. and Sarker R. (2002) . The Pareto Differential Evolution Algorithm. International Journal on Artificial Intelligence Tools, World Scientific, vol 11, No 4, pp 531-552, 2002.",,,,Journals,,,,Research,Journals,203,list
item,Publications,"Abbass H.A., Towsey M., and Finn G. (2001) . C-Net: A Method for Generating Non-deterministic and Dynamic Multivariate Decision Trees. Knowledge and Information Systems, 3(2), 184-197.",,,,Journals,,https://link.springer.com/article/10.1007/PL00011665,Open link,Research,Journals,204,list
item,Publications,"McKay R. and Abbass H.A. (2001) . Anti-correlation: A Diversity Promoting Mechanisms in Ensemble Learning. The Australian Journal of Intelligent Information Processing Systems (AJIIPS) , vol 7, No 3/4, pp 139-149.",,,,Journals,,,,Research,Journals,206,list
item,Publications,"Wang B.B., McKay R.I., Abbass H.A. and Barlow M. (2001) . Domain Ontology Guided Feature-Selection for Document Categorization. The Australian Journal of Intelligent Information Processing Systems (AJIIPS) , vol 7, No 3/4, pp 102-109.",,,,Journals,,,,Research,Journals,207,list
item,Publications,"Abbass H.A., Wiggen G., Lakshmanan R. and Morton B. (1999) . Constraint logic programming as a paradigm for heat exchanger network retrofit. The International Journal of Computers and Chemical Engineering, supplement volume of ESCAPE-9, PP.S127-S130.",,,,Journals,,,,Research,Journals,208,list
item,Publications,"Rasmy M.H. and Abbass H.A. (1991) . An interactive constraint method for solving linear programming problems. Journal of Egyptian Statistical Society, Vol. 2, July.",,,,Journals,,,,Research,Journals,209,list
item,Publications,"Rasmy M.H., Abbass H.A. and Labib M.M. (1991) . A proposed criterion to select the entering variable in Simplex method. (between theory and practice). Engineering Research Bulletin, Helwan Univ., Vol. 3, March.",,,,Journals,,,,Research,Journals,210,list
item,Publications,"Dam, T., Ferdaus, M. M., Anavatti, S. G., Jayavelu, S., and Abbass, H. A. (2021, October). Does Adversarial Oversampling Help us? In Proceedings of the 30th ACM International Conference on Information and Knowledge Management (pp. 2970-2973).",,,,Conferences,,,,Research,Conferences,212,list
item,Publications,"Baxter, D. P., Hepworth, A. J., Joiner, K. F., and Abbass, H. (2022, September). On the premise of a swarm guidance ontology for human-swarm teaming. In Proceedings of the Human Factors and Ergonomics Society Annual Meeting (Vol. 66, No. 1, pp. 2249-2253). Sage CA: Los Angeles, CA: SAGE Publications.",,,,Conferences,,,,Research,Conferences,213,list
item,Publications,"Mohamed, R. E., Elsayed, S., Hunjet, R., and Abbass, H. (2021, June). A Graph-based Approach for Shepherding Swarms with Limited Sensing Range. In 2021 IEEE Congress on Evolutionary Computation (CEC) (pp. 2315-2322). IEEE.",,,,Conferences,,,,Research,Conferences,214,list
item,Publications,"Dam, T., Ferdaus, M. M., Pratama, M., Anavatti, S. G., Jayavelu, S., and Abbass, H. (2022, October). Latent Preserving Generative Adversarial Network for Imbalance classification. In 2022 IEEE International Conference on Image Processing (ICIP) (pp. 3712-3716). IEEE.",,,,Conferences,,,,Research,Conferences,215,list
item,Publications,"Campbell, B., El-Fiqi, H., Hunjet, R., andAbbass, H. (2021, July). Distributed multi-agent shepherding with consensus. In International Conference on Swarm Intelligence (pp. 168-181). Springer, Cham.",,,,Conferences,,,,Research,Conferences,216,list
item,Publications,"Hussein A., Petraki E., El-Sawah S., and Abbass H.A. (2022). Autonomous Swarm Shepherding Using Curriculum-Based Reinforcement Learning. International Conference on Autonomous Agents and Multiagent Systems (AAMAS22), Auckland, NZ.",,,,Conferences,,,,Research,Conferences,217,list
item,Publications,"Dam, T., Ferdaus, M. M., Anavatti, S. G., Jayavelu, S., and Abbass, H. A. (2021, October). Does Adversarial Oversampling Help us?. In Proceedings of the 30th ACM International Conference on Information and Knowledge Management (pp. 2970-2973).",,,,Conferences,,,,Research,Conferences,218,list
item,Publications,"McCall, F., Hussein, A., Petraki, E., Elsawah, S., and Abbass, H. (2021, December). Towards a systematic educational framework for human-machine teaming. In 2021 IEEE International Conference on Engineering, Technology and Education (TALE) (pp. 375-382). IEEE.",,,,Conferences,,,,Research,Conferences,219,list
item,Publications,"Liu, J., Hussein, A., Anavatti, S., Garratt, M., and Abbass, H. A. (2021, December). UGV Path Planning based on an Improved Continuous Ant Colony Optimisation Algorithm. In 2021 IEEE Symposium Series on Computational Intelligence (SSCI) (pp. 01-08). IEEE.",,,,Conferences,,,,Research,Conferences,220,list
item,Publications,"Mohamed, R. E., Hunjet, R., Elsayed, S., and Abbass, H. (2021, November). Deep Learning For Noisy Communication System. In 2021 31st International Telecommunication Networks and Applications Conference (ITNAC) (pp. 40-47). IEEE.",,,,Conferences,,,,Research,Conferences,221,list
item,Publications,"Mohamed, R. E., Elsayed, S., Hunjet, R., and Abbass, H. (2021, June). A Graph-based Approach for Shepherding Swarms with Limited Sensing Range. In 2021 IEEE Congress on Evolutionary Computation (CEC) (pp. 2315-2322). IEEE.",,,,Conferences,,,,Research,Conferences,222,list
item,Publications,"Simpson, J., Oosthuizen, R., Sawah, S. E., and Abbass, H. (2021). Agile, Antifragile, Artificial-Intelligence-Enabled, Command and Control. International Conference on Command and Control, USA. arXiv preprint arXiv:2109.06874.",,,,Conferences,,,,Research,Conferences,223,list
item,Publications,"Debie, E., Singh, H., Elsayed, S., Perry, A., Hunjet, R., and Abbass, H. (2021, October). A Neuro-Evolution Approach to Shepherding Swarm Guidance in the Face of Uncertainty. In 2021 IEEE International Conference on Systems, Man, and Cybernetics (SMC) (pp. 2634-2641). IEEE.",,,,Conferences,,,,Research,Conferences,224,list
item,Publications,"Campbell, B., El-Fiqi, H., Hunjet, R., and Abbass, H. (2021, July). Distributed Multi-agent Shepherding with Consensus. In International Conference on Swarm Intelligence (pp. 168-181). Springer, Cham.",,,,Conferences,,,,Research,Conferences,225,list
item,Publications,"Francis, S., Anavatti, S. G., Garratt, M., and Abbass, H. A. (2021). Real-Time Multi-obstacle Detection and Tracking Using a Vision Sensor for Autonomous Vehicle. In Communication and Intelligent Systems (pp. 873-883). Springer, Singapore.",,,,Conferences,,,,Research,Conferences,226,list
item,Publications,"Hepworth, A., Yaxley, K., Baxter, D., Joiner, K., and Abbass, H. (2020). Tracking Footprints in a Swarm: Information-Theoretic and Spatial Centre of Influence Measures. IEEE Symposium Series on Computational Intelligence, Canberra, Australia.",,,,Conferences,,,,Research,Conferences,227,list
item,Publications,"Elsayed, S., Singh, H., Debie, E., Perry, A., Campbell, B., Hunjet, R., and Abbass, H. (2020). Path Planning for Shepherding a Swarm in a Cluttered Environment using Differential Evolution. IEEE Symposium Series on Computational Intelligence, Canberra, Australia.",,,,Conferences,,,,Research,Conferences,228,list
item,Publications,"Nguyen, H. T., Garratt, M., Bui, L. T., and Abbass, H. (2020). Disturbances in influence of a shepherding agent is more impactful than sensorial noise during swarm guidance. IEEE Symposium Series on Computational Intelligence, Canberra, Australia.",,,,Conferences,,,,Research,Conferences,229,list
item,Publications,"El-Fiqi, H., Campbell, B., Elsayed, S., Perry, A., Singh, H. K., Hunjet, R., and Abbass, H. (2020, July). A preliminary study towards an improved shepherding model. In Proceedings of the 2020 Genetic and Evolutionary Computation Conference Companion (pp. 75-76).",,,,Conferences,,,,Research,Conferences,230,list
item,Publications,"Hussein A., El-Sawah S., and Abbass H.A. (2020). Swarm Collective Wisdom: A Fuzzy-Based Consensus Approach for Evaluating Agents Confidence in Global States. IEEE International Confernce on Fuzzy Systems (FUZZ-IEEE 2020), Glasgow, UK.",,,,Conferences,,,,Research,Conferences,231,list
item,Publications,"Nguyen T., Liu J., Nguyen H., Kasmarik K., Anavatti S., Garratt M., and Abbass, H.A. (2020). Perceptron-Learning for Scalable and Transparent Dynamic Formation in Swarm-on-Swarm Shepherding. Joint International Conference on Neural Networks (IJCNN 2020), Glasgow, UK.",,,,Conferences,,,,Research,Conferences,232,list
item,Publications,"Hussein A., El-Sawah S., and Abbass H.A. (2020). Towards Trust-Aware Human-Automation Interaction: An Overview of the Potential of Computational Trust Models . 53rd Hawaii International Conference on System Sciences (HICSS-53), Hawaii, USA.",,,,Conferences,,,,Research,Conferences,233,list
item,Publications,"Vahidnia, S., Abbasi, A., and Abbass, H. A. (2020). A Framework for Understanding the Dynamics of Science: A Case Study on AI. Procedia Computer Science, 177, 581-586.",,,,Conferences,,,,Research,Conferences,234,list
item,Publications,"Vahidnia, S., Abbasi, A., and Abbass, H. A. (2020). Document Clustering and Labeling for Research Trend Extraction and Evolution Mapping. EEKE 2020 - Workshop on Extraction and Evaluation of Knowledge Entities from Scientific Documents, Wuhan, China.",,,,Conferences,,,,Research,Conferences,235,list
item,Publications,"Abbass H., El-Sawah S., Petraki E., and Hunjet R. (2019). Machine Education: Designing Semantically Ordered and Ontologically Guided Transparent and Explainable Modular Neural Networks. IEEE Symposium Series on Computational Intelligence, (IEEE SSCI19), Xiamen, China.",,,,Conferences,,,,Research,Conferences,236,list
item,Publications,"Nguyen H., Garratt M., Bui L., Abbass, H.A. (2019). Apprenticeship Learning for Continuous State Spaces and Actions in a Swarm-Guidance Shepherding Task. IEEE Symposium Series on Computational Intelligence, (IEEE SSCI19), Xiamen, China.",,,,Conferences,,,,Research,Conferences,237,list
item,Publications,"Wade H., and Abbass H.A. (2019). Cyber-Shepherd: A Smartphone-based Game for Human and Autonomous Swarm Control. IEEE Systems, Man, Cybernetics Conference, Bari, Italy.",,,,Conferences,,,,Research,Conferences,238,list
item,Publications,"Hussein A., El-Sawah S., and Abbass H.A. (2019). Investigating Gender Differences in Human Interactions with a Transparent Swarm. Human Factors and Ergonomics Society's 2019 International Annual Meeting, Seattle, Washington, USA. pp. 853 - 857.",,,,Conferences,,,,Research,Conferences,239,list
item,Publications,"Hussein A., El-Sawah S., and Abbass H.A. (2019). A System Dynamics Model for Human Trust in Automation under Speed and Accuracy Requirements. Human Factors and Ergonomics Society's 2019 International Annual Meeting, Seattle, Washington, USA.",,,,Conferences,,,,Research,Conferences,240,list
item,Publications,"Gee A. and Abbass H.A. (2019).Transparent Machine Education of Neural Networks for Swarm Shepherding Using Curriculum Design. International Joint Conference on Neural Networks (IJCNN), Budapest, Hungary.",,,,Conferences,,,,Research,Conferences,241,list
item,Publications,"Clayton N. and Abbass H.A. (2019).Machine Teaching in Hierarchical Genetic Reinforcement Learning: Curriculum Design of Reward Functions for Swarm Shepherding. IEEE Congress on Evolutionary Computation, Wellington, New Zealand.",,,,Conferences,,,,Research,Conferences,242,list
item,Publications,"Singh H., Campbell B., Elsayed S., Perry A., Huntjet R. and Abbass H.A. (2019). Modulation of Force Vectors for Effective Shepherding of a Swarm: A Bi-Objective Approach. IEEE Congress on Evolutionary Computation, Wellington, New Zealand.",,,,Conferences,,,,Research,Conferences,243,list
item,Publications,"Tang J., Alam S., and Abbass H.A. (2019). An Airspace Collision Risk Simulator for Safety Assessment. Winter Simulation ConferenceNational Harbor, Maryland, USA.",,,,Conferences,,,,Research,Conferences,244,list
item,Publications,"El-Fiqi H., Kasmarik K., Bezerianos A., Tan K.C., and Abbass H.A. (2019). Gate-Layer Autoencoders with Application to Incomplete EEG Signal Recovery. International Joint Conference on Neural Networks (IJCNN), Budapest, Hungary.",,,,Conferences,,,,Research,Conferences,245,list
item,Publications,"El-Fiqi H., Wang M., Salimi N., Kasmarik K., Barlow M., and Abbass H.A. (2018). Convolution Neural Networks for Person Identification and Verification Using Steady State Visual Evoked Potential. IEEE Systems, Man, and Cybernetics Conference, Miyazaki, Japan.",,,,Conferences,,,,Research,Conferences,246,list
item,Publications,"Wang M., Hussein A., Rojas R., Shafi K., and Abbass H.A. (2018). EEG-Based Neural Correlates of Trust in Human-Autonomy Interaction. IEEE Symposium Series on Computational Intelligence, Bengaluru, India.",,,,Conferences,,,,Research,Conferences,247,list
item,Publications,"Hussein A., and Abbass H.A. (2018). Mixed Initiative Systems for Human-Swarm Interaction: Opportunities and Challenges. [File-Download] IEEE Annual Systems Modelling Conference, Canberra, Australia.",,,,Conferences,,http://arxiv.org/abs/1808.06211,Open link,Research,Conferences,248,list
item,Publications,"Nguyen H., Tran P.V., Nguyen D.T., Garratt M., Kasmarik K., Barlow M., Anavatti S., Abbass, H.A. (2018). Apprenticeship Bootstrapping via Deep Learning with a Safety Net for UAV-UGV Interaction. AAAI Fall Symposium Series, Interactive Learning in Artificial Intelligence for Human-Robot Interaction Symposium (AI-HRI 18), Arlington, Virginia, USA.",,,,Conferences,,,,Research,Conferences,250,list
item,Publications,"Greenwood G., Abbass H.A., and E. Petraki (2018). A Critical Analysis of Punishment in Public Goods Games. IEEE Computational Intelligence in Games (CIG18), Maastricht, the Netherlands.",,,,Conferences,,,,Research,Conferences,251,list
item,Publications,"Nguyen H., Garratt M., Bui L., Abbass, H.A. (2018). Apprenticeship Bootstrapping: Inverse Reinforcement Learning in Multi-Skill UAV-UGV Tracking Task. International Conference on Autonomous Agents and Multiagent Systems (AAMAS18), Stockholm, Sweden.",,,,Conferences,,,,Research,Conferences,252,list
item,Publications,"Wang M., Hu J., Abbass, H.A. (2018). Multi-scale Weighted Inherent Fuzzy Entropy for EEG Biomarkers. IEEE International Conference on Fuzzy Systems (FUZZ-IEEE 2018), Rio de Janeiro, Brazil.",,,,Conferences,,,,Research,Conferences,253,list
item,Publications,"Nguyen H., Garratt M., Bui L., Abbass, H.A. (2018). Apprenticeship Bootstrapping. Joint International Conference on Neural Networks (IJCNN18) , Rio de Janeiro, Brazil.",,,,Conferences,,,,Research,Conferences,254,list
item,Publications,"Nguyen T., Nguyen H., Debbie E., Kasmarik K., Garratt M., Abbass, H.A. (2018). Swarm Q-Learning With Knowledge Sharing Within Environments for Formation Control. Joint International Conference on Neural Networks (IJCNN18), Rio de Janeiro, Brazil.",,,,Conferences,,,,Research,Conferences,255,list
item,Publications,"Yang, Z., Merrick, K., Abbass, H.A., Jin, L. (2017). Multi-task deep reinforcement learning for continuous action control. [File-Download] International Joint Conference on Artificial Intelligence (IJCAI17), Melbourne, Australia.",,,,Conferences,,http://static.ijcai.org/proceedings-2017/0461.pdf,Open link,Research,Conferences,256,list
item,Publications,"Nguyen H., Garratt M., Bui L., Abbass, H.A. (2017). Supervised deep actor network for imitation learning in a Ground-Air UAV-UGVs coordination task. IEEE Symposium Series on Computational Intelligence (IEEE SSCI 2017), Hawaii, USA.",,,,Conferences,,,,Research,Conferences,258,list
item,Publications,"Hossain M., Alam S., Abbass H. (2017). A dynamic multi-commodity flow optimization algorithm for estimating airport network capacity. In Air Traffic Management and Systems II, Lecture Notes in Electrical Engineering, vol. 420, 420: 205-220.",,,,Conferences,,,,Research,Conferences,259,list
item,Publications,"Greenwood G., Abbass H.A., and Petraki E. (2017). Emotion, trustworthiness and altruistic punishment in a tragedy of the commons social dilemma. Lecture Notes Artificial Intelligence, 10142, Springe-Verlag, 12-24.",,,,Conferences,,,,Research,Conferences,260,list
item,Publications,"Zhang B., Shafi K., Abbass H.A. (2016). Hybrid knowledge-based evolutionary many-objective optimization. IEEE Congress on Evolutionary Computation, 1007-1014.",,,,Conferences,,,,Research,Conferences,261,list
item,Publications,"Goh S.K., Abbass H.A., Tan K.C., Al-Mamun A., Guan C., Wang C.C. (2016). Multiway analysis of EEG artifacts based on Block Term Decomposition. Proceedings of the International Joint Conference on Neural Networks. 2016-October: 913-920.",,,,Conferences,,,,Research,Conferences,262,list
item,Publications,"Tang J., Petraki E., Abbass H.A. (2016). Shaping Influence and Influencing Shaping: A Computational Red Teaming Trust-based Swarm Intelligence Model. International Conference on Swarm Intelligence, Bali, Indonesia, Springer International Publishing. 9712: 14-23. [Awarded Best Paper]",,,,Conferences,,,,Research,Conferences,263,list
item,Publications,"Abdelfattah S., Merrick K., Abbass H .A. (2016). Theta-Beta Ratios Are Prominent EEG Features for Visual Tracking Tasks. In Proceedings of the Human Factors and Ergonomics Society Annual Meeting (Vol. 60, No. 1, pp. 21-25). SAGE Publications.",,,,Conferences,,,,Research,Conferences,264,list
item,Publications,"Abdelfattah S; Merrick K; Abbass H (2016). Eye Movements as Information Markers in EEG Data. IEEE Symposium Series on Computational Intelligence, Athens, Greece, presented at IEEE Symposium Series on Computational Intelligence, Athens, Greece, 06 - 09 December 2016",,,,Conferences,,,,Research,Conferences,265,list
item,Publications,"Dunk I; Abbass H (2016). Emergence of Autonomy in Leader-Follower Boids-Inspired Systems. IEEE Symposium Series on Computational Intelligence, Athens, Greece, presented at IEEE Symposium Series on Computational Intelligence, Athens, Greece, 06 - 09 December 2016",,,,Conferences,,,,Research,Conferences,266,list
item,Publications,"Wang M; Abbass H; Hu J (2016). Continuous Authentication Using EEG and Face Images for Trusted Autonomous Systems. The 2016 Privacy, Security and Trust Fourteenth Annual Conference, Auckland, New Zealand, 12 - 14 December 2016",,,,Conferences,,,,Research,Conferences,267,list
item,Publications,"Liu X; Merrick K; Abbass H (2016). Designing Artificial Agents to Detect the Motive Profile of Users in Virtual Worlds and Games. IEEE Symposium Series on Computational Intelligence, Athens, Greece, presented at IEEE Symposium Series on Computational Intelligence, Athens, Greece, 06 - 09 December 2016",,,,Conferences,,,,Research,Conferences,268,list
item,Publications,"Wang M; Abbass H; Hu J; Merrick K (2016). Detecting Rare Visual and Auditory Events from EEG Using Pairwise-Comparison Neural Networks. The 8th International Conference on Brain-Inspired Cognitive Systems, China, presented at The 8th International Conference on Brain-Inspired Cognitive Systems, China, 01 - 01 January 2016",,,,Conferences,,,,Research,Conferences,269,list
item,Publications,"Greenwood G., Abbass H.A., and Petraki E. (2016). Finite Population Trust Game Replicators. Australasian Conference on Artificial Life and Computational Intelligence, LNAI 9592, Springe-Verlag, pp. 324 - 335, 10.1007/978-3-319-28270-1_27.",,,,Conferences,,,,Research,Conferences,270,list
item,Publications,"Leu, G., & Abbass, H. (2016). Computational Red Teaming in a Sudoku Solving Context: Neural Network Based Skill Representation and Acquisition. In Intelligent and Evolutionary Systems (pp. 319-332). Springer International Publishing.",,,,Conferences,,,,Research,Conferences,271,list
item,Publications,"Harvey J; Merrick K; Abbass H (2016). Quantifying Swarming Behaviour. The Seventh International Conference on Swarm Intelligence, Indonesia, presented at The Seventh International Conference on Swarm Intelligence, Indonesia, 01 - 01 January 2016",,,,Conferences,,,,Research,Conferences,272,list
item,Publications,Abbass H.A. and Young L. (2015). From System Thinking to Capability Thinking using the Thinking Capability Analysis Technique. MODSIM.,,,,Conferences,,,,Research,Conferences,273,list
item,Publications,"Al-Ani, A., Naik, G. R., & Abbass, H. A. (2015, November). A Methodology for Synthesizing Interdependent Multichannel EEG Data with a Comparison Among Three Blind Source Separation Techniques. In Neural Information Processing (pp. 154-161). Springer International Publishing.",,,,Conferences,,,,Research,Conferences,274,list
item,Publications,"Goh, S. K., Abbass, H. A., Tan, K. C., & Al Mamun, A. (2015). Evolutionary Big Optimization (BigOpt) of Signals. IEEE CEC, Japan.",,,,Conferences,,,,Research,Conferences,275,list
item,Publications,"Wang B., Merrick K. and Abbass H.A. (2015). Autonomous Hypothesis Generation as Environment Learning Mechanism for Agent Design. LNCS 8955, Springer, 210-225.",,,,Conferences,,,,Research,Conferences,276,list
item,Publications,"Abbass, H. A., Tang, J., Amin, R., Ellejmi, M., & Kirby, S. (2014, September). Augmented cognition using real-time EEG-based adaptive strategies for air traffic control. In Proceedings of the Human Factors and Ergonomics Society Annual Meeting (Vol. 58, No. 1, pp. 230-234). SAGE Publications.",,,,Conferences,,,,Research,Conferences,277,list
item,Publications,"Petraki E. and Abbass H.A. (2014). On Trust and Influence: A Computational Red Teaming Game Theoretic Perspective. IEEE Computational Intelligence in Defence and Security Symposium, Hanoi, December 2014.[PDF File]",,,,Conferences,,https://www.husseinabbass.net/papers/Trust-Petraki-Abbass-Final.pdf,Open link,Research,Conferences,278,list
item,Publications,"Rafael Falcon, Rami Abielmona, Sean Billings, Alex Plachkov and Hussein Abbass (2014). Risk Management with Hard-Soft Data Fusion in Maritime Domain Awareness. IEEE Computational Intelligence in Defence and Security Symposium, Hanoi, December 2014.",,,,Conferences,,,,Research,Conferences,280,list
item,Publications,"Abbass, H. A. (2014). Calibrating independent component analysis with laplacian reference for real-time EEG artifact removal. LNCS 8836, Springer, 68-75.",,,,Conferences,,,,Research,Conferences,281,list
item,Publications,"Goh, S. K., Abbass, H. A., Tan, K. C., & Al Mamun, A. (2014). Artifact Removal from EEG Using a Multi-objective Independent Component Analysis Model. LNCS 8834, Springer, 570-577.",,,,Conferences,,,,Research,Conferences,282,list
item,Publications,"Leu G., Tang J., and Abbass H.A. (2014). On the role of working memory in trading-off skills and situation awareness in Sudoku. LNCS 8836, Springer, 571-578.",,,,Conferences,,,,Research,Conferences,283,list
item,Publications,"Ren, S., Tang, J., Barlow, M., & Abbass, H. A. (2014, July). An interactive evolutionary computation framework controlled via EEG signals. In Fuzzy Systems (FUZZ-IEEE), 2014 IEEE International Conference on (pp. 2402-2409). IEEE.",,,,Conferences,,,,Research,Conferences,284,list
item,Publications,"Tang J. & Abbass H.A. (2014). Learning the Behavior of Aircraft Landing Sequencing using a Society of Probabilistic Finite State Machines. IEEE WCCI, Beijing, China, pp. 610-617.",,,,Conferences,,,,Research,Conferences,285,list
item,Publications,"Amin R., Tang J., Ellejmiy M., Kirbyy S., and Abbass H.A. (2014). Trading-off Simulation Fidelity and Optimization Accuracy in Air-Traffic Experiments using Differential Evolution. IEEE WCCI, Beijing, China, pp. 475-482.",,,,Conferences,,,,Research,Conferences,286,list
item,Publications,"Zhang B., Shafi K., and Abbass H.A. (2014). Online Knowledge-based Evolutionary Multi-Objective Optimization. pp. IEEE WCCI, Beijing, China, pp. 2222-2229.",,,,Conferences,,,,Research,Conferences,287,list
item,Publications,"Rubai A., Tang J., Ellejmi M., Kirby S., and Abbass H.A. (2013). Computational Red Teaming for Correction of Traffic Events in Real Time Human Performance Studies. USA/Europe ATM R&D Seminar, Chicago, IL, USA,2013",,,,Conferences,,,,Research,Conferences,288,list
item,Publications,"Nguyen L., Bui L. and Abbass H.A (2013). A New Niching Method for the Direction-based Multi-objective Evolutionary Algorithm. IEEE Symposium Series on Computational Intelligence, Singapore.",,,,Conferences,,,,Research,Conferences,289,list
item,Publications,"Alam S., Hossain M., Lokan C., Barry S., Aldis G., Butcher R. and Abbass H.A. (2013). Real Time Prediction of Worst Case Air Traffic Sector Collision Risk using Evolutionary Optimization. IEEE Symposium Series on Computational Intelligence, Singapore.",,,,Conferences,,,,Research,Conferences,290,list
item,Publications,"Amin R., Tang J., Ellejmi M., Kirby S. and Abbass H.A. (2013). An Evolutionary Goal-Programming Approach Towards Scenario Design for Air-Traffic Human-Performance Experiments. IEEE Symposium Series on Computational Intelligence, Singapore.",,,,Conferences,,,,Research,Conferences,291,list
item,Publications,"Ghoneim, Ahmed, Garrison W. Greenwood, and Hussein Abbass. (2013). Distributing cognitive resources in one-against-many strategy games. IEEE Congress on Evolutionary Computation (CEC), 1387-1394. IEEE.",,,,Conferences,,,,Research,Conferences,292,list
item,Publications,"Leu G., Curtis N., and Abbass H.A. (2012). Modeling and Evolving Human Behaviors and Emotions in Road Traffic Networks. Procedia Social and Behavioral Sciences, Elsevier, Vol 54, 999-1009.",,,,Conferences,,,,Research,Conferences,293,list
item,Publications,"Ren S., Barlow M., and Abbass H.A. (2012). Frontal Cortex Neural Activities Shift Cognitive Resources Away from Facial Activities. 19th International Conference on Neural Information Processing (ICONIP2012), LNCS766, 132-139, Springer.",,,,Conferences,,,,Research,Conferences,294,list
item,Publications,"Mount W., Tucek D. and Abbass H.A. (2012). A Psychophysiological Analysis of Weak Annoyances in Human Computer Interfaces. 19th International Conference on Neural Information Processing (ICONIP2012), LNCS7663, 202-209, Springer.",,,,Conferences,,,,Research,Conferences,295,list
item,Publications,"Tucek D., Mount W. and Abbass H.A. (2012). Neural and Speech Indicators of Cognitive Load for Sudoku Game Interfaces. 19th International Conference on Neural Information Processing (ICONIP2012), LNCS7663, 210-217, Springer.",,,,Conferences,,,,Research,Conferences,296,list
item,Publications,"Mount W., Tucek D. and Abbass H.A. (2012). Psychophysiological Evaluation of Task Complexity and Cognitive Performance in a Human Computer Interface Experiment. 19th International Conference on Neural Information Processing (ICONIP2012), LNCS7663, 600-607, Springer.",,,,Conferences,,,,Research,Conferences,297,list
item,Publications,"Zhang B., Shafi K., and Abbass H.A. (2012). Density Based Multi-Objective Optimization for Smart Distribution Grid Design. Ninth International Conference on Simulated Evolution and Learning (SEAL2012), LNCS, Springer.",,,,Conferences,,,,Research,Conferences,298,list
item,Publications,"Wang B., Merrick K.E., Abbass H.A. (2012). Developing Attention Focus Metrics for Autonomous Hypotheses Generation in Data Mining. Ninth International Conference on Simulated Evolution and Learning (SEAL2012), LNCS, Springer.",,,,Conferences,,,,Research,Conferences,299,list
item,Publications,"Shafi K., Bender A., and Abbass H.A. (2012). Multi Objective Learning Classifier Systems Based Hyperheuristics for Modularised Fleet Mix Problem. Ninth International Conference on Simulated Evolution and Learning (SEAL2012), LNCS, Springer.",,,,Conferences,,,,Research,Conferences,300,list
item,Publications,"Vu C.C., Bui L.T., and Abbass H.A. (2012). DEAL: A Direction-guided Evolutionary Algorithm. Ninth International Conference on Simulated Evolution and Learning (SEAL2012), LNCS, Springer.",,,,Conferences,,,,Research,Conferences,301,list
item,Publications,"Wang K., Bui V., Petraki E., and Abbass H.A. (2012). From subjective to objective metrics for evolutionary story narration using event permutations. Ninth International Conference on Simulated Evolution and Learning (SEAL2012), LNCS, Springer.",,,,Conferences,,,,Research,Conferences,302,list
item,Publications,"Alam S., Lokan C., and Abbass H.A. (2012). What can make an airspace unsafe? Characterizing collision risk using multi-objective optimization. IEEE Congress on Evolutionary Computation, Brisbane, Australia.",,,,Conferences,,,,Research,Conferences,303,list
item,Publications,"Bui V., Bender A. and Abbass H.A. (2012). An Expressive GL-2 Grammar for Representing Story-like Scenarios. IEEE Congress on Evolutionary Computation, Brisbane, Australia.",,,,Conferences,,,,Research,Conferences,304,list
item,Publications,"Tang J., Alam S., Lokan C. and Abbass H.A. (2012). A Multi-objective Evolutionary Method for Dynamic Airspace Re-sectorization using Sectors Clipping and Similarities. IEEE Congress on Evolutionary Computation, Brisbane, Australia.",,,,Conferences,,,,Research,Conferences,305,list
item,Publications,"Xiong J., Shafi K. and Abbass H.A. (2012). Multi-Uncertainty Problems (MUP) with Applications to Managing Risk in Resource-Constrained Project Scheduling. IEEE Congress on Evolutionary Computation, Brisbane, Australia.",,,,Conferences,,,,Research,Conferences,306,list
item,Publications,"Abbass H.A., W.M. Mount, D. Tucek and JP Pinheiro (2011). Towards a Code of Best Practice for Evaluating Air Traffic control Interfaces. Australian Transport Research Forum, Adelaide, Australia.",,,,Conferences,,,,Research,Conferences,307,list
item,Publications,"Shafi K., Bender A., and Abbass H.A. (2011). Fleet Estimation for Defence Logistics Using a Multi-Objective Learning Classifier System. Genetic and Evolutionary Computation Conference, Dublin, Ireland, ACM Press.",,,,Conferences,,,,Research,Conferences,308,list
item,Publications,"El-Fiqi H., Petraki E., and Abbass H.A. (2011). A Computational Linguistic Approach for the Identification of Translator Stylometry using Arabic-English Text. IEEE International Conference on Fuzzy Systems (FUZZ-IEEE), Taiwan.",,,,Conferences,,,,Research,Conferences,309,list
item,Publications,"Xiong J., Liu J., Chen Y., and Abbass H.A. (2011). An Evolutionary Multi-objective Scenario-Based Approach for Stochastic Resource Investment Project Scheduling. IEEE Congress on Evolutionary Computation (IEEE-CEC), New Orleans, USA.",,,,Conferences,,,,Research,Conferences,310,list
item,Publications,"Bui L.T., Abbass H.A., Baker S., Barlow M., Bender A., and Saker R. (2011). Grid-Based Heuristic for Two-Dimensional Packing Problems. IEEE Congress on Evolutionary Computation (IEEE-CEC), New Orleans, USA.",,,,Conferences,,,,Research,Conferences,311,list
item,Publications,"Ghoneim A., Essam D., and Abbass H.A. (2011). On Computations and Strategies for Real and Artificial Systems. European Conference on Artificial Life, Paris, August 8-12.",,,,Conferences,,,,Research,Conferences,312,list
item,Publications,"Alam S., Zhao W., Tang J., Lokan C., Abbass H.A., Ellejmi M. and Kirby S. (2011). Discovering Delay Patterns in Arrival Traffic with Dynamic Continuous Descent Approaches using Co-Evolutionary Red Teaming. 9th USA/EUROPE Air Traffic Management Research & Development Seminar (ATM R&D Seminar), Berlin, Germany, June 2011. [Awarded Best Paper, Ground-Air Track]",,,,Conferences,,,,Research,Conferences,313,list
item,Publications,"Ghoneim A., Essam D., and Abbass H.A. (2011). Competency Awareness in Strategic Decision Making. IEEE Conference on Cognitive Methods in Situation Awareness and Decision Support, Florida, USA, February, 2011.",,,,Conferences,,,,Research,Conferences,314,list
item,Publications,"Leu G., Abbass H.A., and Curtis N. (2010). Resilience of ground transportation networks: A case study on Melbourne. Australian Transport Research Forum, Canberra, October.",,,,Conferences,,,,Research,Conferences,315,list
item,Publications,"Purton L., Abbass H.A., and Alam S. (2010). Identification of ADS-B System Vulnerabilities and Threats. Australian Transport Research Forum, Canberra, October.",,,,Conferences,,,,Research,Conferences,316,list
item,Publications,"Pham V., Bui L., Alam S., Lokan C. and Abbass H.A. (2010). A Pittsburgh Multi-Objective Classifier for User Preferred Trajectories and Flight Navigation. IEEE Congress on Evolutionary Computation, Barcelona, Spain.",,,,Conferences,,,,Research,Conferences,317,list
item,Publications,"Shafi K., Bender A. and Abbass H.A. (2010). Evolutionary Dynamics of Interdependent Exogenous Risks. IEEE Congress on Evolutionary Computation, Barcelona, Spain.",,,,Conferences,,,,Research,Conferences,318,list
item,Publications,"Boulden S., Iorio A. and Abbass H.A. (2010). Learning Synchronization Behaviours in Networked Complex Systems Using Genetic Algorithms. IEEE Congress on Evolutionary Computation, Barcelona, Spain",,,,Conferences,,,,Research,Conferences,319,list
item,Publications,"Liu J., Zhong W., Abbass H.A. and Green D. (2010). Separated and Overlapping Community Detection in Complex Networks using Multiobjective Evolutionary Algorithms. IEEE Congress on Evolutionary Computation, Barcelona, Spain.",,,,Conferences,,,,Research,Conferences,320,list
item,Publications,"Hossain M.M., Abbass H.A., Lokan C. and Alam S. (2010). Adversarial Evolution: Phase Transition in Non-uniform Hard Satisfiability Problems. IEEE Congress on Evolutionary Computation, Barcelona, Spain.",,,,Conferences,,,,Research,Conferences,321,list
item,Publications,"Zhao W., Liu J., Abbass H.A. and Bender A. (2010). A Multi-objective Risk-Based Approach for Airlift Task Scheduling Using Stochastic Bin Packing. IEEE Congress on Evolutionary Computation, Barcelona, Spain.",,,,Conferences,,,,Research,Conferences,322,list
item,Publications,"Bui V., Abbass H.A. and Bender A. (2010). Evolving Stories: Grammar Evolution for Automatic Plot Generation. IEEE Congress on Evolutionary Computation, Barcelona, Spain.",,,,Conferences,,,,Research,Conferences,323,list
item,Publications,"Wang S.L., Shafi K., Lokan C. and Abbass H.A. (2010). Robustness of Neural Ensembles Against Targeted and Random Adversarial Learning. IEEE International Conference on Fuzzy Systems, Barcelona, Spain",,,,Conferences,,,,Research,Conferences,324,list
item,Publications,"Wang K., Bui, V.Q. and Abbass, H.A. (2010). Evolving stories: Tree Adjoining Grammar Guided Genetic Programming for Complex Plot Generation. International Conference on Simulated Evolution and Learning (SEAL2010), Kanpur, India, 1-4 December.",,,,Conferences,,,,Research,Conferences,325,list
item,Publications,"Alam S., Nguyen M.H., Abbass H.A., Lokan C., Ellejmi M., and Kirby S. (2010). A Dynamic Continuous Descent Approach Methodology for Low Noise and Emission. 29th IEEE/AIAA Digital Avionics Systems Conference, Salt Lake City, UT, USA, 3 Oct 2010. [Awarded Best Paper, Environment Track]",,,,Conferences,,,,Research,Conferences,326,list
item,Publications,"Abbass H.A. and Petraki E. (2010). A pedagogical framework for succeeding in a cross-disciplinary PhD. International Higher Education Conference, Perth, Australia, November, 2010.",,,,Conferences,,,,Research,Conferences,327,list
item,Publications,"Alam S., Lokan C.J., Abbass H.A., Ellejmi M., and S. Kirby (2010). An Evolutionary Computational Analysis of Tactical Controller Tool. Aviation Information Technology Engineering and Management Conference, New Orleans, Louisiana, USA, Mar 2010.",,,,Conferences,,,,Research,Conferences,328,list
item,Publications,"Bui L.T., Wesolkowski S., Bender A., Abbass H.A. and Barlow M. (2009). A Dominance-based Stability Measure for Multi-Objective Evolutionary Algorithms. IEEE Congress on Evolutionary Computation (CEC), Norway.",,,,Conferences,,,,Research,Conferences,329,list
item,Publications,"Bui V.Q., Bui L.T., Abbass H.A., Bender A. and Ray P. (2009). On the Role of Information Networks in Logistics: An Evolutionary Approach with Military Scenarios. IEEE Congress on Evolutionary Computation (CEC), Norway.",,,,Conferences,,,,Research,Conferences,330,list
item,Publications,"Alam S., Tang J., Abbass H.A. and Lokan C.J. (2009). The effect of symmetry in representation on scenario-based risk assessment for air-traffic conflict resolution strategies. IEEE Congress on Evolutionary Computation (CEC), Norway.",,,,Conferences,,,,Research,Conferences,331,list
item,Publications,"Chen K.Y., Lindsay P.A., Robinson P.J. and Abbass H.A. (2009). A Hierarchical Conflict Resolution Method for Multi-Agent Path Planning. IEEE Congress on Evolutionary Computation (CEC), Norway, 2009.",,,,Conferences,,,,Research,Conferences,332,list
item,Publications,"Alam, S., Abbass, H.A., Lokan C.J. (2009). Computational Red Teaming to Investigate Failure Patterns in Medium Term Conflict Detection. 8th Eurocontrol Innovation Research Workshop and Conference, Eurocontrol Experiment Research Center, Paris, France.",,,,Conferences,,,,Research,Conferences,333,list
item,Publications,"Abbass H.A., Bender A., Dam H., Baker S., Whitacre J. and Sarker R. (2008). , Computational Scenario-based Capability Planning. Genetic and Evolutionary Computation Conference (GECCO), Atlanta, Georgia, ACM Press.",,,,Conferences,,,,Research,Conferences,334,list
item,Publications,"Whitacre J., Abbass H.A., Sarker R., Bender A. and Baker S. (2008). Strategic Positioning in Tactical Scenario Planning. Genetic and Evolutionary Computation Conference (GECCO), Atlanta, Georgia, ACM Press.",,,,Conferences,,,,Research,Conferences,335,list
item,Publications,"Bui L.T., Whitacre J. and Abbass H.A. (2008). Performance Analysis of Elitism in Multi-objective Ant Colony Optimization Algorithms. IEEE Congress on Evolutionary Computation (CEC), Hong Kong.",,,,Conferences,,,,Research,Conferences,336,list
item,Publications,"Barbosa B., Bui L.T., Abbass H.A., Aguirre L.A., and Braga A.P (2008). Evolving an Ensemble of Neural Networks using Artificial Immune Systems. LNCS, SEAL.",,,,Conferences,,,,Research,Conferences,337,list
item,Publications,"Soliman O.S., Bui L. and Abbass H.A., (2007). The Effect of a Stochastic Step Length on the Performance of the Differential Evolution Algorithm. IEEE Congress on Evolutionary Computation (CEC), Singapore, 25-28 September.",,,,Conferences,,,,Research,Conferences,338,list
item,Publications,"Shafi K., Abbass H. and Zhu W. (2007). Real Time Signature Extraction During Adaptive Rule Discovery Using UCS. IEEE Congress on Evolutionary Computation (CEC), Singapore, 25-28 September.",,,,Conferences,,,,Research,Conferences,339,list
item,Publications,"Ghoneim A., Abbass H.A. and Barlow M. (2007). The Critical Point When Prisoners Meet the Minority: Local and Global Dynamics in Mixed Evolutionary Games. IEEE Congress on Evolutionary Computation (CEC), Singapore, 25-28 September.",,,,Conferences,,,,Research,Conferences,340,list
item,Publications,"Ghoneim A., Abbass H.A. and Barlow M. (2007). Investigating Alliance Dynamics Using a Co-evolutionary Iterated Prisoners Dilemma with an Exit Option. IEEE Congress on Evolutionary Computation (CEC), Singapore, 25-28 September.",,,,Conferences,,,,Research,Conferences,341,list
item,Publications,"Greenwood G. and Abbass H.A. (2007). A New Local Search Algorithm for Continuous Spaces Based on Army Ant Swarm Raids. IEEE Congress on Evolutionary Computation (CEC), Singapore, 25-28 September.",,,,Conferences,,,,Research,Conferences,342,list
item,Publications,"Chen K.Y., Dam H., Lindsay P. and Abbass H.A. (2007). Biasing XCS with Domain Knowledge for Planning Flight Trajectories in a Moving Sector Free Flight Environment. IEEE Symposium on Artificial Life (IEEE-ALife), Honolulu, 1-4 April.",,,,Conferences,,,,Research,Conferences,343,list
item,Publications,"Ghoneim A., Abbass H.A. and Barlow M. (2007). Rounds effect in evolutionary games. The 3rd Australian conference on Artificial Life (ACAL07), LNCS 4828, pp. 72-83, 2007.",,,,Conferences,,,,Research,Conferences,344,list
item,Publications,"Alam S., Nguyen M.H., Abbass H.A. and Barlow M. (2007). Ants guide future pilots. The 3rd Australian conference on Artificial Life (ACAL07), LNCS 4828, pp. 36-48, 2007.",,,,Conferences,,,,Research,Conferences,345,list
item,Publications,"Bui L.T., Soliman O. and Abbass H.A. (2007). A Modified Strategy for the Constriction Factor in Particle Swarm Optimization. The 3rd Australian conference on Artificial Life (ACAL07), LNAI 4828, 2007.",,,,Conferences,,,,Research,Conferences,346,list
item,Publications,"Ghoneim A., Abbass H.A. and Barlow M. (2007). Information Sharing in the Iterated Prisoner Dilemma Game. IEEE Symposium on Computational Intelligence in Games (CIG), Honolulu, 1-4 April.",,,,Conferences,,,,Research,Conferences,347,list
item,Publications,"Ziauddin U., Sarker R. and Abbass H.A. (2007). Improving the Performance of GA in CVRP using Self Imposed Constraints. IEEE Symposium on Computational Intelligence in Scheduling (CIS), Honolulu, 1-4 April.",,,,Conferences,,,,Research,Conferences,348,list
item,Publications,"Barlow M., Yang A. and Abbass H.A. (2007). A Temporal Risk Assessment Framework for Planning A Future Force Structure. IEEE Symposium on Computational Intelligence in Defence and Security Applications (CIDSA), Honolulu, 1-4 April.",,,,Conferences,,,,Research,Conferences,349,list
item,Publications,"Nguyen M.H., Alam S., Tang J., and Abbass H.A. (2007). Dynamic Weather Avoidance Trajectories in a Traffic Constrained Enroute Airspace. 6th Eurocontrol Innovative Research Workshop, 6th Eurocontrol Experimental Centre, France, Dec 4-6, 2007.",,,,Conferences,,,,Research,Conferences,350,list
item,Publications,"Alam S., Shafi K., Abbass H.A., and Barlow M. (2007). Evolving Air Traffic Scenarios for the Evaluation of Conflict Detection Models. 6th Eurocontrol Innovative Research Workshop, Eurocontrol Experimental Centre, France, Dec 4-6, 2007.",,,,Conferences,,,,Research,Conferences,351,list
item,Publications,"Goh C.K., Quek H.Y., Tan K.C., and Abbass H.A. (2006). Modeling Civil Violence: An Evolutionary Multi-Agent. Game Theoretic Approach, The IEEE Congress on Evolutionary Computation (CEC2006), Vancouver, BC, Canada, IEEE-Press, 1624-1631.",,,,Conferences,,,,Research,Conferences,352,list
item,Publications,"Shafi K., Abbass H.A., and Zhu W. (2006). The Role of Early Stopping and Population Size in XCS for Intrusion Detection. 6th International Conference on Simulated Evolution and Learning (SEAL06), LNCS 4247, Hefei, China pp. 50-57.",,,,Conferences,,,,Research,Conferences,353,list
item,Publications,"Yang A., Abbass H.A., and Sarker R. (2006). Land Combat Scenario Planning: A Multiobjective Approach. 6th International Conference on Simulated Evolution and Learning (SEAL06), LNCS 4247, Hefei, China, pp. 837-844",,,,Conferences,,,,Research,Conferences,354,list
item,Publications,"Alam S., Bui L.T., Abbass H.A., and Barlow M. (2006). Pareto Meta-Heuristics for Generating Safe Flight Trajectories Under Weather Hazards. 6th International Conference on Simulated Evolution and Learning (SEAL06), LNCS 4247, Hefei, China, pp. 829-836",,,,Conferences,,,,Research,Conferences,355,list
item,Publications,"Bui L.T., Deb K., Abbass H.A., and Essam D., (2006). Dual Guidance in Evolutionary Multi-objective Optimization By Localization. 6th International Conference on Simulated Evolution and Learning (SEAL06), LNCS 4247, Hefei, China, pp. 384-391.",,,,Conferences,,,,Research,Conferences,356,list
item,Publications,"Bui L.T., Juergen B. and Abbass H.A. (2005). Multiobjective optimization for dynamic environments. The IEEE Congress on Evolutionary Computation (CEC), Edinburgh, UK, 2005, Vol. 3, 2349- 2356.",,,,Conferences,,,,Research,Conferences,357,list
item,Publications,"Dam H., Abbass H.A., and Lokan C. (2005). The Performance of the DXCS System on Continuous-Valued Inputs in Stationary and Dynamic Environments. The IEEE Congress on Evolutionary Computation (CEC), Edinburgh, UK, 2005, Vol.1, 618- 625.",,,,Conferences,,,,Research,Conferences,358,list
item,Publications,"Bui L., Abbass H.A., and Essam D. (2005). Fitness inheritance for noisy evolutionary multi-objective optimization. Genetic and Evolutionary Computation Conference (GECCO), Washington D.C., ACM Press.",,,,Conferences,,,,Research,Conferences,359,list
item,Publications,"Bui L., Branke J., and Abbass H.A. (2005). Diversity as a selection pressure in dynamic environments. Genetic and Evolutionary Computation Conference (GECCO), Washington D.C., ACM Press.",,,,Conferences,,,,Research,Conferences,360,list
item,Publications,"Dam H., Abbass H.A., and Lokan C. (2005). DXCS: an XCS system for distributed data mining. Genetic and Evolutionary Computation Conference (GECCO), Washington D.C., ACM Press.",,,,Conferences,,,,Research,Conferences,361,list
item,Publications,"McPartland M., Nolfi S., and Abbass H.A. (2005). Emergence of Communication in Competitive Multi-Agent Systems: A Pareto multi-objective approach. Genetic and Evolutionary Computation Conference (GECCO), Washington D.C., ACM Press.",,,,Conferences,,,,Research,Conferences,362,list
item,Publications,"Sastry K., Abbass H.A., Goldberg D., and Johnson D.D. (2005). Sub-structural niching in estimation distribution algorithms. Genetic and Evolutionary Computation Conference (GECCO), Washington D.C., ACM Press.",,,,Conferences,,,,Research,Conferences,363,list
item,Publications,"Yang A., Abbass H.A. and Sarker R. (2005). WISDOM-II: A Network Centric Model for Warfare. Ninth International Conference on Knowledge-Based Intelligent Information & Engineering Systems (KES 2005), Lecture Note Computer Science LNCS 3683, Melbourne, Australia, pp. 813-819.",,,,Conferences,,,,Research,Conferences,364,list
item,Publications,"Abbass H.A., Barlow M., Essam D., and Yubin Y. (2005). Connecting the dots to disconnect them: A study into network evolution and dynamics for analyzing terrorist networks. The International Society for Optical Engineering (SPIE), Microelectronics, MEMS, and Nanotechnology Symposium, Complex Systems Conference, Brisbane, Qld, 2005.",,,,Conferences,,,,Research,Conferences,365,list
item,Publications,"Yang A., Abbass H.A., and Sarker R. (2005). Risk Assessment of Capability Requirements Using WISDOM-II. The International Society for Optical Engineering (SPIE), Microelectronics, MEMS, and Nanotechnology Symposium, Complex Systems Conference, Brisbane, Qld, 2005.",,,,Conferences,,,,Research,Conferences,366,list
item,Publications,"Dam H., Shafi K. and Abbass H.A. (2005). Can evolutionary computation handle large datasets? A study into network intrusion detection. The 18th Australian Joint Conference on Artificial Intelligence, Lecture Notes in Artificial Intelligence, LNAI 3809, Springe-Verlag, pp. 1092-1095.",,,,Conferences,,,,Research,Conferences,367,list
item,Publications,"Dam H., Abbass H.A., and Lokan C. (2005). Be Real! XCS with Continuous-Valued Inputs. The Eighth International Workshop on Learning Classifier Systems (IWLCS-2005), Washington D.C., ACM Press, 2005.",,,,Conferences,,,,Research,Conferences,368,list
item,Publications,"Yang A., Abbass H.A. and Sarker R. (2005). Evolving Agents for Network Centric Warfare. Second Workshop on Military and Security Applications of Evolutionary Computation, Washington D.C., ACM Press, 2005.",,,,Conferences,,,,Research,Conferences,369,list
item,Publications,"Abbass H.A. (2004). An Inexpensive Cognitive Approach for Bi-Objective Optimization Using Bliss Points and Interaction. The 8th International Conference on Parallel Problem Solving from Nature (PPSN VIII), Birmingham, Lecture Notes in Computer Science LNCS 3242, Springer-Verlag, pp. 712-721.",,,,Conferences,,,,Research,Conferences,370,list
item,Publications,"Shan Y., McKay R.I., Baxter R., Abbass H.A., Essam D.L., and Nguyen H X. (2004). Grammar Model-based Program Evolution. Proceedings of the Congress on Evolutionary Computation, Portland, Oregon, June.",,,,Conferences,,,,Research,Conferences,371,list
item,Publications,"Hoai N.X., McKay R.I., Essam D.L. and Abbass H.A. (2004). Towards an Alternative Comparison between Genetic Programming Systems. The 7th European Conference on Genetic Programming (EUROGP), Lecture Notes in Computer Science, LNCS 3003, Springer-Verlag, pp. 67 -77.",,,,Conferences,,,,Research,Conferences,372,list
item,Publications,"Sastry K., Abbass H.A. and Goldberg D. (2004). Sub-Structural Niching in Non-Stationary Environments. The 17th Australian Joint Conference on Artificial Intelligence, Lecture Notes in Artificial Intelligence, LNAI 3339, Springe-Verlag, pp. 873-885.",,,,Conferences,,,,Research,Conferences,373,list
item,Publications,"Yang A., Abbass H.A. and Sarker R. (2004). Landscape Dynamics in Multi-agent Simulation Combat Systems. The 17th Australian Joint Conference on Artificial Intelligence, Lecture Notes in Artificial Intelligence, LNAI 3339, Springer-Verlag, 39-50.",,,,Conferences,,,,Research,Conferences,374,list
item,Publications,"Teo J., Nguyen M.H. and Abbass H.A. (2003). Multi-Objectivity as a Tool for Constructing Hierarchical Complexity. The Proceedings of the Genetic and Evolutionary Computation Conference (GECCO-2003), Chicago, Lecture Notes in Computer Science LNCS2724, Springer-Verlag, 483-494, July.",,,,Conferences,,,,Research,Conferences,375,list
item,Publications,"Teo J. and Abbass H.A. (2003). Is a Self-Adaptive Pareto Approach Beneficial for Controlling Embodied Virtual Robots?. The Proceedings of the Genetic and Evolutionary Computation Conference (GECCO-2003), Chicago, Lecture Notes in Computer Science LNCS2723, Springer-Verlag, 1612-1613, July.",,,,Conferences,,,,Research,Conferences,376,list
item,Publications,"Abbass H.A. (2003). Pareto Neuro-Evolution: Constructing Ensemble of Neural Networks Using Multi-objective Optimization. The IEEE Congress on Evolutionary Computation (CEC2003), IEEE-Press, Vol. 3, pages 2074-2080, Australia.",,,,Conferences,,,,Research,Conferences,377,list
item,Publications,"Abbass H.A., Bagirov A.M., and Zhang J. (2003). The Discrete Gradient Evolutionary Strategy Method for Global Optimization. The IEEE Congress on Evolutionary Computation (CEC2003), IEEE-Press, Vol. 1, pages 435-442, Australia.",,,,Conferences,,,,Research,Conferences,378,list
item,Publications,"Teo J. and Abbass H.A. (2003). Elucidating the Benefits of a Self-Adaptive Pareto EMO Approach for Evolving Legged Locomotion in Artificial Creatures. The IEEE Congress on Evolutionary Computation (CEC2003), IEEE-Press, Vol. 2, pages 755-762, Australia.",,,,Conferences,,,,Research,Conferences,379,list
item,Publications,"Shan Y., McKay R.I., Abbass H.A., and Essam D. (2003). Program Evolution with Explicit Learning. The IEEE Congress on Evolutionary Computation (CEC2003), IEEE-Press, Vol. 3, pages 1639-1646, Australia.",,,,Conferences,,,,Research,Conferences,380,list
item,Publications,"Liu B., McKay R.I., and Abbass H.A. (2003). Improving Genetic Classifiers with a Boosting Algorithm. The IEEE Congress on Evolutionary Computation (CEC2003), IEEE-Press, Vol. 4, pages 2596-2602, Australia.",,,,Conferences,,,,Research,Conferences,381,list
item,Publications,"Hoai N.X., McKay R.I., and Abbass H.A. (2003). Bias in Tree Adjoining Grammars. In Proceedings of the European Conference on Genetic Programming (EUROGP), Essex, Lecture Notes in Computer Science LNCS2610, Springer-Verlag, 335-344, January.",,,,Conferences,,,,Research,Conferences,382,list
item,Publications,"Essam D. and Abbass H.A. (2003). Artificial Life Models for Security and Safety. The First Australian Conference on Artificial Life (ACAL2003), Canberra, ACT, Australia, pages 73-85, December 2003.",,,,Conferences,,,,Research,Conferences,383,list
item,Publications,"Teo J. and Abbass H.A. (2003). Neuro-Morpho Evolution: What Will Happen If Our Body Is Not Symmetric?The First Australian Conference on Artificial Life (ACAL2003), Canberra, ACT, Australia, pages, 261-275, December 2003.",,,,Conferences,,,,Research,Conferences,384,list
item,Publications,"Liu B., Abbass H.A., McKay B. (2003). Classification Rule Discovery with Ant Colony Optimization. The IEEE/WIC International Conference on Intelligent Agent Technology (IAT 2003), Halifax, Canada.",,,,Conferences,,,,Research,Conferences,385,list
item,Publications,"Sarker R. and Abbass H.A. (2003). Identification of Future ADF Vehicles and Trailer Fleets for project Overlander. Proceedings of the 2002 Mathematics-in-Industry Study Group, UniSA, Adelaide, Australia, pp. 35-52.",,,,Conferences,,,,Research,Conferences,386,list
item,Publications,"Abbass H.A. (2003). Pareto Neuro-Ensemble. The 16th Australian Joint Conference on Artificial Intelligence (AI03), Perth, Lecture Notes in Artificial Intelligence LNAI 2903, Springer-Verlag, 554-566.",,,,Conferences,,,,Research,Conferences,387,list
item,Publications,"Teo J. and Abbass H.A. (2003). Software Verification of Redundancy in Neuro-Evolutionary Robotics. The 16th Australian Joint Conference on Artificial Intelligence (AI03), Lecture Notes in Artificial Intelligence LNAI 2903, Springer-Verlag, 302-314.",,,,Conferences,,,,Research,Conferences,388,list
item,Publications,"Abbass H.A. and Deb K. (2003). Searching under multi-evolutionary pressures. In Proceedings of the 2003 Evolutionary Multiobjective Optimization Conference (EMO03), Faro, Lecture Notes in Computer Science LNCS2632, Springer-Verlag, 391-404.",,,,Conferences,,,,Research,Conferences,389,list
item,Publications,"Wang B.B., McKay R I., Abbass H.A. and Barlow M. (2003). A Comparative Study for Domain Ontology Guided Feature Extraction. In Proceedings of the Australian Computer Society Conference, Australia.",,,,Conferences,,,,Research,Conferences,390,list
item,Publications,Abbass H.A. (2002). Self-adaptive Pareto Differential Evolution. The IEEE Congress on Evolutionary Computation (CEC2002).,,,,Conferences,,,,Research,Conferences,391,list
item,Publications,"Abbass H.A., Hoai N.X., and McKay R.I. (2002). AntTAG: A new method to compose computer programs using colonies of ants. The IEEE Congress on Evolutionary Computation (CEC2002).",,,,Conferences,,,,Research,Conferences,392,list
item,Publications,"Teo J. and Abbass H.A. (2002). Multi-objectivity for brain-behavior evolution of a physically-embodied organism. In Standish, R., Bedau, M., and Abbass, H., editors, Artificial Life VIII: The 8th International Conference on Artificial Life, pages 312-318, Cambridge, MA. MIT Press, 2002.",,,,Conferences,,,,Research,Conferences,393,list
item,Publications,"Teo J. and Abbass H.A. (2002). Coordination and synchronization of locomotion in a virtual robot. In Wang, L., Rajapakse, J., Fukushima, K., Lee, S., and Yao, X., editors, Proceedings of the 9th International Conference on Neural Information Processing (ICONIP02), volume 4, pages 1931-1935, 2002.",,,,Conferences,,,,Research,Conferences,394,list
item,Publications,"Teo J. and Abbass H.A. (2002). Trading-off mind complexity and locomotion in a physically simulated quadruped. In Wang, L., Tan, K., Furuhashi, T., Kim, J., and Yao, X., editors, Proceedings of the 4th Asia-Pacific Conference on Simulated Evolution And Learning (SEAL02), volume 2, pages 776-780, 2002.",,,,Conferences,,,,Research,Conferences,395,list
item,Publications,"Barlow M., Galloway J., and Abbass H.A. (2002). Mining Evolution Through Visualization . Beyond Fitness: Visualising Evolution. a Workshop at the 8th International Conference on the Simulation and Synthesis of Living Systems (ALife 8), Sydney, Australia, December, 2002.",,,,Conferences,,https://www.amazon.com/Progress-Artificial-Life-Australian-Proceedings/dp/B01F9R8I3Y/ref=asap_bc?ie=UTF8,Open link,Research,Conferences,396,list
item,Publications,"Abbass H.A. (2001). Marriage in Honey Bees Optimisation: A Haplometrosis Polygynous Swarming Approach. The IEEE Congress on Evolutionary Computation (CEC2001), Seoul, Korea.",,,,Conferences,,,,Research,Conferences,397,list
item,Publications,"Abbass H.A., Sarkar R., and Newton C. (2001). A pareto differential evolution approach to vector optimisation problems. The IEEE Congress on Evolutionary Computation (CEC2001), Seoul, Korea.",,,,Conferences,,,,Research,Conferences,398,list
item,Publications,"Abbass H.A. (2001). A Single Queen Single Worker Honey Bees Approach to 3-SAT. The Genetic and Evolutionary Computation Conference, GECCO2001, San Francisco, USA, 2001.",,,,Conferences,,,,Research,Conferences,399,list
item,Publications,"Abbass H.A. (2001). A Memetic Pareto Evolutionary Approach to Artificial Neural Networks. The Australian Joint Conference on Artificial Intelligence, Adelaide, Lecture Notes in Artificial Intelligence LNAI 2256, Springer-Verlag, 1-12, December.",,,,Conferences,,,,Research,Conferences,400,list
item,Publications,"Macrossan P.E., Abbass H.A., Mengersen K., Towsey M. and Finn G. (1999). Bayesian neural network learning for prediction in the Australian dairy industry. Intelligent Data Analysis, Amsterdam, Lecture Notes in Computer Science LNCS1642, Springer-Verlag, 395-406, August.",,,,Conferences,,,,Research,Conferences,401,list
item,Publications,"Abbass, H. A. (2020). An Introduction to Neuroergonomics: From Brains at Work to Human-Swarm Teaming. In Neuroergonomics. Chang S. Nam (Eds), 3-10, Springer, Cham, ISBN 978-3-030-34783-3.",,,,Book Chapters,,,,Research,Book Chapters,403,list
item,Publications,"Yaxley, K. J., Joiner, K. F., Bogais, J., and Abbass, H. A. (2020). Life Learning of Smart Autonomous Systems for Meaningful Human‐Autonomy Teaming. A Framework of Human Systems Engineering: Applications and Case Studies. Holly Handley and Andreas Tolk (Eds), 43-61, Wiley-IEEE Press, ISBN: 978-1-119-69875-3.",,,,Book Chapters,,,,Research,Book Chapters,404,list
item,Publications,"Wang M., Abbass H.A., and Hu J. (2018). EEG-based Biometrics for Person Identification and Continuous Authentication, In Information Security: Foundations, technologies and applications. Awad A.I. and Fairhurst M. (Eds), Institution of Engineering and Technology (IET) publisher, 2018. ISBN 978-1-84919-974-2",,,,Book Chapters,,,,Research,Book Chapters,405,list
item,Publications,"Wang, K., Petraki, E., and Abbass, H. (2016). Evolving Narrations of Strategic Defence and Security Scenarios for Computational Scenario Planning. In Recent Advances in Computational Intelligence in Defense and Security (pp. 635-661). Springer International Publishing.",,,,Book Chapters,,https://www.amazon.com/Advances-Computational-Intelligence-Defense-Security-ebook/dp/B019O755CC/ref=asap_bc?ie=UTF8,Open link,Research,Book Chapters,406,list
item,Publications,"Bui L.T., Essam D., and Abbass H.A. (2010) The Role of Explicit Niching and Communication Messages in Distributed Evolutionary Multi-objective Optimization. In F. Fernández de Vega and E. Cantú-Paz (Eds.): Parallel and Distributed Computational Intelligence, SCI 269, pp. 181-206. Springer-Verlag Berlin, Heidelberg 2010.",,,,Book Chapters,,,,Research,Book Chapters,407,list
item,Publications,"Zhao, W, Tang, J, Alam, S, Bender, A, Abbass H.A. (2010) Evolutionary-Computation Based Risk Assessment of Aircraft Landing Sequencing Algorithms, IFIP Advances in Information and Communication Technology, Vol 329/2010, 254-265, Springer.",,,,Book Chapters,,,,Research,Book Chapters,408,list
item,Publications,"Bui L.T., Bender A., Barlow M., and Abbass H.A. (2010) Multiagent-Based Approach for Risk Analysis in Mission Capability Planning. In R. Sarker and R. Tapabrata (Eds): Agent-Based Evolutionary Search, Adaptation, Learning and Optimization Series, Vol 5, 77-96.",,,,Book Chapters,,,,Research,Book Chapters,409,list
item,Publications,"Soliman O., Bui L.T., and Abbass H.A. (2009). A Memetic Coevolutionary Multi-Objective Differential Evolution Algorithm. In Multi-Objective Memetic Algorithms, C-K. Goh, Y-S. Ong, K.C. Tan (Eds). Springer, Studies in Computational Intelligence, Vol (171), Pages 369-388, ISBN 978-3-540-88050-9.",,,,Book Chapters,,,,Research,Book Chapters,410,list
item,Publications,"Dam H.H., Rojanavasu P., Abbass H.A. and Lokan C. (2008). Distributed Learning Classifier Systems. In Learning Classifier Systems in Data Mining, Larry Bull and Ester Bernado-Mansilla and John H. Holmes (Eds), Springer, Studies in Computational Intelligence Series, Pages 69-91, Vol (125), ISBN 978-3-540-78978-9.",,,,Book Chapters,,,,Research,Book Chapters,411,list
item,Publications,"Teo J., Neri L.D., Nguyen M.H. and Abbass H.A. (2008). Walking with EMO: Multi-Objective Robotics for Evolving Two, Four and Six Legged Locomotion. In Multi-Objective Optimization in Computational Intelligence: Theory and Practice, Lam Thu Bui and Sameer Alam (Eds), chapter 11, pages 300-332, IGI Global Publications.",,,,Book Chapters,,,,Research,Book Chapters,412,list
item,Publications,"Bui L.T., Nguyen M.H., Branke J., Abbass H.A. (2008) Tackling Dynamic Problems with Multiobjective Evolutionary Algorithms. In Multiobjective Problem Solving from Nature: From Concepts to Applications, Joshua Knowles, David Corne, and Kalyanmoy Deb (Eds), Springer, Natural Computing Series, Pages 77-92, ISBN 978-3-540-72963-1.",,,,Book Chapters,,,,Research,Book Chapters,413,list
item,Publications,"Dam H.H., Rojanavasu P., Abbass H.A. and Lokan C. (2007) Distributed learning classifier systems. In Learning Classifier Systems in Data Mining, Bull, L., Bernado Mansilla, E. & Holmes, J. (eds), Springer, In Press",,,,Book Chapters,,,,Research,Book Chapters,414,list
item,Publications,"Bui L.T., Nguyen M.H., Branke J., and Abbass H.A., Tackling Dynamic Problems with Multiobjective Evolutionary Algorithms. In Multiobjective Problem Solving from Nature: From Concepts to Applications, Joshua Knowles, David Corne, and Kalyanmoy Deb (Eds), Springer, pp. 77-92, December 2007.",,,,Book Chapters,,,,Research,Book Chapters,415,list
item,Publications,"Dam H.H., Lokan C. and Abbass H.A. (2007) Evolutionary Online Data Mining: An Investigation in a Dynamic Environment. In Evolutionary Computation in Dynamic and Uncertain Environments, Shengxiang Yang, Yew-Soon Ong and Yaochu Jin Edition, Studies in Computational Intelligence Series, Springer, Volume 51/2007, pages 153- 178, ISBN 978-3-540-49772-1",,,,Book Chapters,,,,Research,Book Chapters,416,list
item,Publications,"Baker S., Bender A., Abbass H.A., and Sarker R. (2007) A Scenario-based Evolutionary Scheduling Approach for Assessing Future Supply Chain Fleet Capabilities, In Evolutionary Scheduling, K. Dahal, K.C. Tan and P. Cowling (eds.), Studies in Computational Intelligence Series, Springer, Volume 49/2007, pages 485-512, ISBN 978-3-540- 48582-7.",,,,Book Chapters,,,,Research,Book Chapters,417,list
item,Publications,"Shan Y., McKay R.I., Essam D.L. and Abbass H.A. (2006) A Survey of Probabilistic Model Building Genetic Programming, In Scalable Optimization via Probabilistic Modeling, Series: Studies in Computational Intelligence, Vol. 33 Pelikan M., Sastry K., and Cantú-Paz E. (Eds), Springer-Verlag, 121-160.",,,,Book Chapters,,,,Research,Book Chapters,418,list
item,Publications,"Abbass H.A. (2005) Pareto-Optimal Approaches to Neuro-Ensemble Learning, In Multi-Objective Machine Learning, Series: Studies in Computational Intelligence, Jin, Yaochu (Ed), Springer-Verlag, 407-428.",,,,Book Chapters,,,,Research,Book Chapters,419,list
item,Publications,"Kirley M., Abbass H., and McKay R. (2006) ""Diversity Mechanisms in Pitt-Style Evolutionary Classifier Systems"", In Data Mining and Knowledge Discovery Approaches Based on Rule Induction Techniques, E. Triantaphyllou and G. Felici, Springer-Verlag, New York, NY, U.S.A., in its Massive Computing series, Vol. 6. ISBN 0-3873-4294-X, 433- 458.",,,,Book Chapters,,,,Research,Book Chapters,420,list
item,Publications,"Teo J. and Abbass H.A. (2004) Evolutionary Multi-objective Robotics: Evolving Physically Simulated Quadruped using the Pareto-frontier Differential Evolution Algorithm, In Recent Advances in Simulated Evolution and Learning, K.C. Tan, M.H. Lim, X. Yao and L. Wang (Eds), World Scientific, ISBN 981-238-952-0, pp.466-485.",,,,Book Chapters,,,,Research,Book Chapters,421,list
item,Publications,"Nguyen M.H., Abbass H.A. and McKay R. (2004) Diversity and Neuro-Ensemble, In Evolutionary Computing in Data Mining, A. Ghosh and L. Jain, Physica-Verlag, Germany.",,,,Book Chapters,,,,Research,Book Chapters,422,list
item,Publications,"Abbass H.A., Towsey M., Kozan E., Van Der Werf J., and Diederich J. ""A Markov Chain Tabu Search Approach to the evolutionary allocation problem"". In Operations Research/ Management Science at Work: Applying Theory in the Area Pacific Region, E. Kozan and A. Ohuchi Eds, Kluwer Academic Publishers.",,,,Book Chapters,,,,Research,Book Chapters,423,list
item,Publications,"2020-Now Founding Editor-in-Chief, IEEE Transactions on Artificial Intelligence, IEEE",,,,Editorship,,,,Research,Editorship,425,list
item,Publications,"2021-Now Associate Editor, IEEE Transactions on Emerging Topics in Computational Intelligence, IEEE",,,,Editorship,,,,Research,Editorship,426,list
item,Publications,"2020-Now Associate Editor, ACM Computing Surveys, ACM",,,,Editorship,,,,Research,Editorship,427,list
item,Publications,"2017-2019 Associate Editor, IEEE Transactions on Computational Social Systems, IEEE",,,,Editorship,,,,Research,Editorship,428,list
item,Publications,"2016-Now Associate Editor, IEEE Transactions on Cybernetics, IEEE",,,,Editorship,,,,Research,Editorship,429,list
item,Publications,"2016-Now Associate Editor, IEEE Transactions on Cognitive and Developmental Systems, IEEE",,,,Editorship,,,,Research,Editorship,430,list
item,Publications,"2015-Now Associate Editor, Cognitive Computation, Springer",,,,Editorship,,,,Research,Editorship,431,list
item,Publications,"2015-Now Associate Editor, Natural Computing, Springer",,,,Editorship,,,,Research,Editorship,432,list
item,Publications,"2015-Now Editor, Complex & Intelligent Systems, Springer",,,,Editorship,,,,Research,Editorship,433,list
item,Publications,"2013-2014 Editor, Applied Soft Computing, Elsevier",,,,Editorship,,,,Research,Editorship,434,list
item,Publications,"2011-2014 Associate Editor, Journal of Industrial and Management Optimization, American Institute of Mathematical Sciences",,,,Editorship,,,,Research,Editorship,435,list
item,Publications,"2010-Now Associate Editor, IEEE Transactions on Evolutionary Computation, IEEE",,,,Editorship,,,,Research,Editorship,436,list
item,Publications,"2010-Now Associate Editor, International Journal of Artificial Life Research",,,,Editorship,,,,Research,Editorship,437,list
item,Publications,"2010-2016 Associate Editor, IEEE Computational Intelligence Magazine, IEEE",,,,Editorship,,,,Research,Editorship,438,list
item,Publications,"2007-Now Associate Editor, International Journal of Intelligent Computing and Cybernetics, Emerald",,,,Editorship,,,,Research,Editorship,439,list
item,Publications,"2006-2010 Editorial Board, International Journal of Applied Systemic Studies (IJASS), Inderscience",,,,Editorship,,,,Research,Editorship,440,list
item,Publications,"Invited Speaker: 2nd International Conference on Sustainable Technologies for Industry 4.0 (STI 2020), 19-20 December 2020, Bangladesh. Title: Tenants of Trust and Transparency in Human-Swarm Teaming: Interpretability, Explainability, and Predictability.",,,,Invited Talks,,,,Research,Invited Talks,442,list
item,Publications,"Invited Speaker: Conference on Artificial Intelligence and Data Analytics for Air Transportation, February 3 to February 4, 2020, Singapore. Title: Apprenticeship Bootstrapping: Intelligent Shepherds for Swarm Traffic Management Systems.",,,,Invited Talks,,,,Research,Invited Talks,443,list
item,Publications,"Invited Speaker: 24th International Society of Air-breathing Engines, September 22 to September 27, 2019, Canberra, Australia. Title: Artificial Intelligence: How our UNSW-Canberra research is transforming the Air to breathe smartness.",,,,Invited Talks,,,,Research,Invited Talks,444,list
item,Publications,"Invited Speaker: The rise of complex autonomous systems: current challenges for national security policymakers, Institute For Regional Security - Future Strategic Leaders Congress 18-20 May 2018.",,,,Invited Talks,,,,Research,Invited Talks,445,list
item,Publications,"Invited Speaker: D61+DSTG Cyber Summer School, 12-13 February 2018, Title: Towards Milliseconds Autonomous Learning in Trusted Human-Swarm Cognitive-Cyber-Physical Missions.",,,,Invited Talks,,,,Research,Invited Talks,446,list
item,Publications,"Invited Speaker: 1st International Workshop on Human Intelligent machIne cOexistane (HELIOS) , 9-10 January 2018, Singapore. Title: Trusted Autonomy in Closed Loop Human Machine Systems.",,,,Invited Talks,,,,Research,Invited Talks,447,list
item,Publications,"Invited Speaker: Australasian Conference on Artificial Life and Computational Intelligence, January 31 to February 2, 2017, Geelong, Melbourne. Title: Trusted Autonomy: Challenges and Opportunities for Computational Intelligence.",,,,Invited Talks,,,,Research,Invited Talks,448,list
item,Publications,"Invited Speaker: Innovation Month, July 21, 2015, Canberra. Title: Welcome Mr and Mrs RoboGov.",,,,Invited Talks,,,,Research,Invited Talks,449,list
item,Publications,"Invited Speaker: Emerging Disruptive Technologies Assessment Symposium (EDTAS), July 15-17, 2015, Canberra. Title: Trust in Humans and Machines.",,,,Invited Talks,,,,Research,Invited Talks,450,list
item,Publications,"Invited Speaker: Research Forum Semi-autonomous systems: trust, control, and letting go, November 10-11, 2015, Defence Science Institute, The Beauty and the Beast of Trusted Autonomy.",,,,Invited Talks,,,,Research,Invited Talks,451,list
item,Publications,"Invited Speaker: Emerging Disruptive Technologies Assessment Symposium: Trusted Autonomy, July 15-17, 2015, Defence Science and Technology Group, On Trust in Humans and Machines .",,,,Invited Talks,,,,Research,Invited Talks,452,list
item,Publications,"Invited Speaker: Australasian Conference on Artificial Life and Computational Intelligence, February 5-7, 2015, Newcastle. Title: Cognitive-Cyber Symbiosis.",,,,Invited Talks,,,,Research,Invited Talks,453,list
item,Publications,"Invited Speaker: The Seventh IEEE Symposium on Computational Intelligence for Security and Defense Applications , December, 14-17, 2014, Hanoi Vietnam, Computational Red Teaming for Cognitive-Cyber Symbiosis.",,,,Invited Talks,,,,Research,Invited Talks,454,list
item,Publications,"Invited Speaker: The 18th Asia Pacific Symposium on Intelligent and Evolutionary Systems, November, 10-12, 2014, Singapore, Real-time Computational Red Traming of Human Cognition using Encephalographic (EEG) Data.",,,,Invited Talks,,,,Research,Invited Talks,455,list
item,Publications,"Invited Speaker: The Fourth International Neural Network Society Symposia Series , November, 7-9, 2014, Brunei, Next Generation Intelligent Systems: Observe-Project-Counteract Agent Architecture for Real-time Computational Red Teaming.",,,,Invited Talks,,,,Research,Invited Talks,456,list
item,Publications,"Invited Lecture: Evolutionary Multi-objective Optimisation for Scenario Design and Real-time Optimisation, National University of Singapore, April 2014.",,,,Invited Talks,,,,Research,Invited Talks,457,list
item,Publications,"Invited Seminar: Institute for Infocomm Research (I²R), Agency for Science, Technology and Research (A*STAR), March 25, 2014, Singapore, Computational Red Teaming for Integrating the Air Traffic Controller Brain and the Automation Cycle.",,,,Invited Talks,,,,Research,Invited Talks,458,list
item,Publications,"Invited Seminar: Rolls-Royce, March 14, 2014, Singapore, Computational Red Teaming for Future Automation Systems.",,,,Invited Talks,,,,Research,Invited Talks,459,list
item,Publications,"Invited Visiting Professor: A Course on Computational Red Teaming, National Defence Academy of Japan, October 2013",,,,Invited Talks,,,,Research,Invited Talks,460,list
item,Publications,"Invited Speaker: The 2013 IEEE Symposium on Computational Intelligence for Human-like Intelligence, IEEE SSCI 2013, April, 16-19, 2013, Singapore, Human Experiments in Computational Intelligence.",,,,Invited Talks,,,,Research,Invited Talks,461,list
item,Publications,"Invited Speaker: The 47th Annual Conference on Statistics, Computer Sciences, and Operations Research, December, 24-27, 2012, Cairo University, Egypt, Role of Optimisation and Simulation in Intelligent Systems.",,,,Invited Talks,,,,Research,Invited Talks,462,list
item,Publications,"Invited Speaker: The 9th International Conference on Simulated Evolution and Learning, SEAL 2012, December 2012, Ha Noi, Viet Nam, Computational Red Teaming: Can Evolution and Learning Augment Human Behaviour? .",,,,Invited Talks,,https://www.amazon.com/Computational-Red-Teaming-Big-Data-Decisions/dp/B01JXTFWTM/ref=asap_bc?ie=UTF8,Open link,Research,Invited Talks,463,list
item,Publications,"Invited Speaker: The 1st International Conference on Robot Intelligence Technology and Applications, RiTA 2012, December 2012, Gwangju, Seoul, South Korea, Computational Red Teaming for Air Traffic Management.",,,,Invited Talks,,,,Research,Invited Talks,464,list
item,Publications,"Invited Speaker: International Workshop on Nature Inspired Computation and Applications, IWNICA'12, October 2012, Hefei, China, Talk 1: Neural learning using multi-objective estimation methods"". Talk 2: ""Automatic decomposition and the role of architecture in mining Big Data.",,,,Invited Talks,,,,Research,Invited Talks,465,list
item,Publications,"Invited Speaker: Networked Enabled Operations, NEO2012, June 2012, Canberra, Australia, Dancing with uncertainty in networked capabilities: How to manoeuvre in human, cyber and physical terrains.",,,,Invited Talks,,,,Research,Invited Talks,466,list
item,Publications,"Invited Speaker: Australian Data Mining Conference, ADM 2011, December 2011, Victoria, Australia, Mining Big Data Streams: The Fallacy of Blind Correlation and the Importance of Models.",,,,Invited Talks,,,,Research,Invited Talks,467,list
item,Publications,"Invited Speaker: Network Centric Operations, NCO Asia 2011, September 2011, Singapore, Network Based Planning And Computational Red Teaming.",,,,Invited Talks,,,,Research,Invited Talks,468,list
item,Publications,"Invited Speaker: Doctoral Intensive Summer School on meta-heuristics in optimization and intelligent data analysis, 21-26 June, 2011, Alexandru Ioan Cuza, Romania.",,,,Invited Talks,,,,Research,Invited Talks,469,list
item,Publications,"Invited Speaker: The IEEE World Congress on Computational Intelligence, WCCI 2010, 18-23 July 2010, Barcelona, Spain, Evolutionary Computation for Risk Assessment and Management.",,,,Invited Talks,,,,Research,Invited Talks,470,list
item,Publications,"Invited speaker: the International Civil Aviation Organization (ICAO), Reduced Vertical Separation Minimum Safety, Bahrain, Feb 2010",,,,Invited Talks,,,,Research,Invited Talks,471,list
item,Publications,"Invited Speaker: Network Centric Warfare, NCW 2010, 28-30 April 2010, Canberra, Australia, Outlining The Risk Assessment Of Networked Environments.",,,,Invited Talks,,,,Research,Invited Talks,472,list
item,Publications,"Invited Speaker: Platform Technologies Research Institute Annual Symposium, PTRI 09, 14-15 July, 2009, Computational Red Teaming and Cyber Challenges.",,,,Invited Talks,,,,Research,Invited Talks,473,list
item,Publications,"Invited Speaker: The IEEE Symposium: Computational Intelligence for Security and Defence Applications, CISDA 2009, 8-10 July 2009, Ottawa, Canada, Forward, Reverse and Emerging Dynamics: Can Complex Adaptive Systems Play a Game with the Unknown? .",,,,Invited Talks,,,,Research,Invited Talks,474,list
item,Publications,"Invited Speaker: The 14th International Symposium on Artificial Life and Robotics, AROB 2009, 5-7 February 2009, Beppu, Oita, Japan, The Role of Non-Dominance in Artificial Life and Robotics.",,,,Invited Talks,,,,Research,Invited Talks,475,list
item,Publications,"Invited Speaker: The 7th International Conference on Simulated Evolution and Learning, SEAL 2008, 7-10 December 2008, Melbourne, Australia, The Future of Intelligent Systems is Non-Dominance.",,,,Invited Talks,,,,Research,Invited Talks,476,list
item,Publications,"Invited Speaker: The 12th Asia Pacific Symposium on Intelligent and Evolutionary Systems, 7-8 December 2008, Melbourne, Australia, The Future of Intelligent Systems is Non-Dominance.",,,,Invited Talks,,,,Research,Invited Talks,477,list
item,Publications,"Keynote: Operations Research in Australia: The Experts Speak, Canberra, Australia, 7-8 July, 2008, Structuring the strategic scenario planning process.",,,,Invited Talks,,,,Research,Invited Talks,478,list
item,Publications,"Invited Speaker: 3rd International Nonlinear Science Conference, Chuo University, Tokyo, Japan, 13-15 March, 2008, Characterising and Understanding dynamics in reactive heterogeneous multi-agent systems.",,,,Invited Talks,,,,Research,Invited Talks,479,list
item,Publications,"Invited Speaker at the Defence and Security track of Complex â€™07, Gold Coast, Australia, Signatures of Game Dynamics for Intelligence and Information Operation.",,,,Invited Talks,,,,Research,Invited Talks,480,list
item,Publications,"Invited Speaker at the International Seminar Series, Intelligent Robot Research Centre, Advanced Institute of Science and Technology (KAIST), Korea, November 2006. Recent Advances on Artificial Life and Adaptive Robotics.",,,,Invited Talks,,,,Research,Invited Talks,481,list
item,Publications,"Invited Speaker at the 8th Asia Pacific Symposium on Intelligent and Evolutionary Systems, 6-7 Dec 2004, Cairns, Australia. The lone thinker of Celigny in learning and agent systems.",,,,Invited Talks,,,,Research,Invited Talks,482,list
item,Publications,"Department of Veterans' Affairs, Australia, Data Mining, 21/10/2003.",,,,Invited Talks,,,,Research,Invited Talks,483,list
item,Publications,"DPI, Australia, 20/09/1998. Introducing Neural Networks for the Dairy Industry, a talk was given in The Dept. of Primary Industries, Workshop for extensions, Sunshine Coast.",,,,Invited Talks,,,,Research,Invited Talks,484,list
item,Publications,"JSwarm: A Jingulu-Inspired Human-AI-Teaming Language for Context-Aware Swarm Guidance. Frontiers in Physics, 632, 2022, doi: 10.3389/fphy.2022.944064.",,,,Research Overview - Technical Articles,,https://www.frontiersin.org/articles/10.3389/fphy.2022.944064/full?LinkSource=PassleApp,Open link,Home,Research Overview - Technical Articles,15,list
item,Publications,"A model of symbiomemesis: machine education and communication as pillars for human-autonomy symbiosis, Philosophical Transactions of the Royal Society A, 379(2207), 20200364, 2021, doi: 10.1098/rsta.2020.0364.",,,,Research Overview - Technical Articles,,https://doi.org/10.1098/rsta.2020.0364,Open link,Home,Research Overview - Technical Articles,17,list
item,Publications,"What is Artificial Intelligence?, IEEE Transactions on Artificial Intelligence, 2(2), 94-95, April 2021, doi: 10.1109/TAI.2021.3096243.",,,,Research Overview - Technical Articles,,https://ieeexplore.ieee.org/document/9523786,Open link,Home,Research Overview - Technical Articles,19,list
item,Publications,"Social Integration of Artificial Intelligence: Functions, Automation Allocation Logic, and Human-Autonomy Trust. Cognitive Computation, 11(2), 159-171, 2019.",,,,Research Overview - Technical Articles,,https://ieeexplore.ieee.org/document/8658079,Open link,Home,Research Overview - Technical Articles,21,list
item,Publications,"Trusted Autonomy and Cognitive Cyber Symbiosis: Open Challenges. Cognitive Computation, 8(3), 385-408, 2016.",,,,Research Overview - Technical Articles,,http://rd.springer.com/article/10.1007/s12559-015-9365-5,Open link,Home,Research Overview - Technical Articles,23,list
item,Publications,"A Review of Theoretical and Practical Challenges of Trusted Autonomy in Big Data, IEEE Access, 4, 2808 - 2830, 2016.",,,,Research Overview - Technical Articles,,http://ieeexplore.ieee.org/document/7480763/,Open link,Home,Research Overview - Technical Articles,25,list
item,Publications,"Contrasting Human and Computational Intelligence-Based Autonomous Behaviours in a Blue-Red Simulation Environment, IEEE Tranasctions on Emerging Topics in Computational Intelligence,1(1), 27-40, 2017.",,,,Research Overview - Technical Articles,,http://ieeexplore.ieee.org/document/7820081/,Open link,Home,Research Overview - Technical Articles,27,list
featured,,"JSwarm: A Jingulu-Inspired Human-AI-Teaming Language for Context-Aware Swarm Guidance. Frontiers in Physics, 632, 2022, doi: 10.3389/fphy.2022.944064.",,,,Research Overview - Technical Articles,,https://www.frontiersin.org/articles/10.3389/fphy.2022.944064/full?LinkSource=PassleApp,Open source,Home,Research Overview - Technical Articles,15,list
featured,,"Trusted Autonomy and Cognitive Cyber Symbiosis: Open Challenges. Cognitive Computation, 8(3), 385-408, 2016.",,,,Research Overview - Technical Articles,,http://rd.springer.com/article/10.1007/s12559-015-9365-5,Open source,Home,Research Overview - Technical Articles,23,list
featured,,"ARC Discovery (2020-2024), Machine education for trusted multi-skilled evolutionary learners, H.A. Abbass, S. Elsawah, E. Petraki, $580K. [Project Web Site]",,,,Grants,,http://www.husseinabbass.net/DP200101211.html,Open source,Research,Grants,10,list
